market,period,method,band,n,share_of_events,mean_predicted,expected_wins,actual_wins,actual_rate,difference_pp,wilson95_low,wilson95_high
football_1x2::primary_closing_B365_BW_PS,development,multiplicative,50-54.9%,394,0.11331607707794075,0.5241099464859864,206.49931891547863,203,0.5152284263959391,-0.8881520090047279,0.4659721121329046,0.5641906568142311
football_1x2::primary_closing_B365_BW_PS,development,multiplicative,55-59.9%,339,0.09749784296807593,0.573765175959678,194.50639465033083,194,0.5722713864306784,-0.14937895289995895,0.5190848575464728,0.623838347157387
football_1x2::primary_closing_B365_BW_PS,development,multiplicative,60-64.9%,218,0.0626977279263733,0.6229331028471039,135.79941642066865,142,0.6513761467889908,2.8443043941886903,0.5859923709106675,0.7115173928226536
football_1x2::primary_closing_B365_BW_PS,development,multiplicative,65-69.9%,142,0.04083980442910555,0.6737257991966734,95.66906348592762,97,0.6830985915492958,0.9372792352622339,0.6026107245671233,0.7539408377971273
football_1x2::primary_closing_B365_BW_PS,development,multiplicative,70-74.9%,133,0.03825136612021858,0.7252838663672684,96.4627542268467,97,0.7293233082706767,0.4039441903408325,0.648164685740318,0.7976066508538746
football_1x2::primary_closing_B365_BW_PS,development,multiplicative,75-79.9%,81,0.023295944779982744,0.7707089971434697,62.42742876862105,66,0.8148148148148148,4.410581767134502,0.7166841055275461,0.884437099940933
football_1x2::primary_closing_B365_BW_PS,development,multiplicative,80-84.9%,81,0.023295944779982744,0.8217899830868638,66.56498863003597,69,0.8518518518518519,3.0061868764988064,0.758668429387898,0.9131729179004024
football_1x2::primary_closing_B365_BW_PS,development,multiplicative,85-89.9%,35,0.01006614897900489,0.8673196506537568,30.356187772881487,31,0.8857142857142857,1.8394635060528852,0.7404853135378618,0.9546482066690264
football_1x2::primary_closing_B365_BW_PS,development,multiplicative,90-94.9%,1,0.0002876042565429968,0.9102094511163082,0.9102094511163082,1,1.0,8.979054888369175,0.20654931437723745,1.0
football_1x2::primary_closing_B365_BW_PS,development,multiplicative,95%+,0,0.0,,0.0,0,,,,
football_1x2::primary_closing_B365_BW_PS,development,additive,50-54.9%,418,0.12021857923497267,0.5232947254179584,218.73719522470662,217,0.5191387559808612,-0.41559694370971734,0.47128537871590054,0.5666435627511848
football_1x2::primary_closing_B365_BW_PS,development,additive,55-59.9%,333,0.09577221742881795,0.5747151151591787,191.38013334800652,187,0.5615615615615616,-1.3153553597617162,0.5078655243950152,0.6138534591990588
football_1x2::primary_closing_B365_BW_PS,development,additive,60-64.9%,242,0.06960023008340524,0.6231461161007343,150.80136009637772,153,0.6322314049586777,0.9085288857943352,0.5698535832838325,0.6904767951112891
football_1x2::primary_closing_B365_BW_PS,development,additive,65-69.9%,148,0.04256542996836353,0.6744136967801897,99.81322712346807,102,0.6891891891891891,1.4775492408999447,0.6106317736646087,0.7581739559097429
football_1x2::primary_closing_B365_BW_PS,development,additive,70-74.9%,124,0.03566292781133161,0.7253380790100874,89.94192179725084,90,0.7258064516129032,0.04683726028158475,0.641393598811653,0.7966489620022346
football_1x2::primary_closing_B365_BW_PS,development,additive,75-79.9%,106,0.030486051193557663,0.772398215969085,81.87421089272301,78,0.7358490566037735,-3.6549159365311445,0.6447402066087239,0.8104613223660532
football_1x2::primary_closing_B365_BW_PS,development,additive,80-84.9%,74,0.021282714984181765,0.8268460633110358,61.18660868501665,63,0.8513513513513513,2.4505288040315487,0.753105074828074,0.9149194045150061
football_1x2::primary_closing_B365_BW_PS,development,additive,85-89.9%,58,0.016681046879493816,0.8707083029310303,50.501081569999755,49,0.8448275862068966,-2.5880716724133723,0.730660191401075,0.9161550804698196
football_1x2::primary_closing_B365_BW_PS,development,additive,90-94.9%,11,0.0031636468219729654,0.9152869520336274,10.068156472369902,11,1.0,8.471304796637257,0.7411670330319684,1.0
football_1x2::primary_closing_B365_BW_PS,development,additive,95%+,0,0.0,,0.0,0,,,,
football_1x2::primary_closing_B365_BW_PS,development,power,50-54.9%,415,0.11935576646534368,0.523356652588504,217.19301082422913,216,0.5204819277108433,-0.2874724877660606,0.4724495856793552,0.5681385644237074
football_1x2::primary_closing_B365_BW_PS,development,power,55-59.9%,329,0.09462180040264596,0.5744976650507497,189.00973180169666,183,0.5562310030395137,-1.8266662011236057,0.5022033714879403,0.6089606647805473
football_1x2::primary_closing_B365_BW_PS,development,power,60-64.9%,240,0.06902502157031924,0.6223541278368759,149.3649906808502,150,0.625,0.26458721631240634,0.5622343547480164,0.6838271652665939
football_1x2::primary_closing_B365_BW_PS,development,power,65-69.9%,155,0.04457865976416451,0.6740258989403762,104.47401433575831,108,0.6967741935483871,2.2748294608010866,0.6203753635262882,0.7636553577532171
football_1x2::primary_closing_B365_BW_PS,development,power,70-74.9%,118,0.03393730227207363,0.725321390828061,85.5879241177112,86,0.7288135593220338,0.3492168493972825,0.6423312850307673,0.8008676106708029
football_1x2::primary_closing_B365_BW_PS,development,power,75-79.9%,105,0.030198446937014668,0.7711168090260908,80.96726494773954,76,0.7238095238095238,-4.730728521656702,0.6315420694448662,0.8002786770725797
football_1x2::primary_closing_B365_BW_PS,development,power,80-84.9%,76,0.02185792349726776,0.825283555859504,62.721550245322305,65,0.8552631578947368,2.9979602035232866,0.7591255101452948,0.9172148373084233
football_1x2::primary_closing_B365_BW_PS,development,power,85-89.9%,61,0.017543859649122806,0.8710937011704069,53.13671577139482,52,0.8524590163934426,-1.8634684776964283,0.742767647052789,0.9203883149206723
football_1x2::primary_closing_B365_BW_PS,development,power,90-94.9%,15,0.004314063848144953,0.9173457719916408,13.760186579874611,14,0.9333333333333333,1.5987561341692547,0.7018347012621998,0.9881331045067315
football_1x2::primary_closing_B365_BW_PS,development,power,95%+,0,0.0,,0.0,0,,,,
football_1x2::primary_closing_B365_BW_PS,development,odds_ratio,50-54.9%,403,0.11590451538682772,0.5238934245018113,211.12905007422998,209,0.5186104218362283,-0.5283002665583014,0.46988268024534063,0.5669867185703068
football_1x2::primary_closing_B365_BW_PS,development,odds_ratio,55-59.9%,339,0.09749784296807593,0.5750487370137305,194.94152184765466,192,0.5663716814159292,-0.8677055597801298,0.5131648181122267,0.6180911862076445
football_1x2::primary_closing_B365_BW_PS,development,odds_ratio,60-64.9%,224,0.06442335346563129,0.6233198315289672,139.62364226248866,145,0.6473214285714286,2.400159704246141,0.5827465032754675,0.7069286082762913
football_1x2::primary_closing_B365_BW_PS,development,odds_ratio,65-69.9%,150,0.04314063848144953,0.6743363011951211,101.15044517926816,101,0.6733333333333333,-0.10029678617877735,0.5947685286976767,0.7432417865880567
football_1x2::primary_closing_B365_BW_PS,development,odds_ratio,70-74.9%,121,0.03480011504170262,0.7255951092948442,87.79700822467615,88,0.7272727272727273,0.1677617977883128,0.641843516577552,0.7987152570826852
football_1x2::primary_closing_B365_BW_PS,development,odds_ratio,75-79.9%,99,0.028472821397756688,0.7708178081233761,76.31096300421423,75,0.7575757575757576,-1.3242050547618511,0.6645718449402054,0.8313371064187927
football_1x2::primary_closing_B365_BW_PS,development,odds_ratio,80-84.9%,76,0.02185792349726776,0.8252783013828922,62.721150905099805,65,0.8552631578947368,2.998485651184468,0.7591255101452948,0.9172148373084233
football_1x2::primary_closing_B365_BW_PS,development,odds_ratio,85-89.9%,53,0.015243025596778832,0.8691341378350845,46.06410930525948,45,0.8490566037735849,-2.007753406149959,0.7294575072380466,0.9214758214915374
football_1x2::primary_closing_B365_BW_PS,development,odds_ratio,90-94.9%,9,0.0025884383088869713,0.913764328949128,8.223878960542152,9,1.0,8.623567105087204,0.7008549515804559,1.0
football_1x2::primary_closing_B365_BW_PS,development,odds_ratio,95%+,0,0.0,,0.0,0,,,,
football_1x2::primary_closing_B365_BW_PS,development,shin,50-54.9%,413,0.1187805579522577,0.5234854434467163,216.19948814349385,216,0.5230024213075061,-0.048302213921025405,0.4748417413954169,0.5707391373726256
football_1x2::primary_closing_B365_BW_PS,development,shin,55-59.9%,336,0.09663503019844694,0.5748468696035265,193.1485481867849,191,0.5684523809523809,-0.6394488651145558,0.5150140889780359,0.6203431454206969
football_1x2::primary_closing_B365_BW_PS,development,shin,60-64.9%,230,0.06614897900488927,0.6228292392168908,143.2507250198849,146,0.6347826086956522,1.1953369478761355,0.5708158983956766,0.6943210038143828
football_1x2::primary_closing_B365_BW_PS,development,shin,65-69.9%,150,0.04314063848144953,0.6738296351995977,101.07444527993965,103,0.6866666666666666,1.2837031467068938,0.6085602497894558,0.7554508589797957
football_1x2::primary_closing_B365_BW_PS,development,shin,70-74.9%,124,0.03566292781133161,0.7251377249018857,89.91707788783383,88,0.7096774193548387,-1.5460305547046915,0.6244416488936401,0.7823121575763984
football_1x2::primary_closing_B365_BW_PS,development,shin,75-79.9%,100,0.028760425654299683,0.7708193255706807,77.08193255706807,76,0.76,-1.081932557068066,0.6676766365018553,0.8330867444305122
football_1x2::primary_closing_B365_BW_PS,development,shin,80-84.9%,80,0.02300834052343975,0.8260943045550494,66.08754436440395,67,0.8375,1.1405695444950625,0.7415709565930229,0.9025018059704963
football_1x2::primary_closing_B365_BW_PS,development,shin,85-89.9%,50,0.014380212827149842,0.870000799207544,43.5000399603772,44,0.88,0.9999200792455976,0.7619518261679701,0.9438239984906773
football_1x2::primary_closing_B365_BW_PS,development,shin,90-94.9%,8,0.0023008340523439745,0.912487965392365,7.29990372313892,8,1.0,8.751203460763502,0.6755924351161198,1.0
football_1x2::primary_closing_B365_BW_PS,development,shin,95%+,0,0.0,,0.0,0,,,,
football_1x2::primary_closing_B365_BW_PS,validation,multiplicative,50-54.9%,236,0.12526539278131635,0.5244113892771906,123.76108786941697,130,0.5508474576271186,2.6436068349928066,0.4870773726072658,0.6129887298839737
football_1x2::primary_closing_B365_BW_PS,validation,multiplicative,55-59.9%,219,0.11624203821656051,0.5745161148671127,125.81902915589768,129,0.589041095890411,1.4524981023298245,0.5228894761870051,0.6521228406699795
football_1x2::primary_closing_B365_BW_PS,validation,multiplicative,60-64.9%,120,0.06369426751592357,0.6274970600043507,75.29964720052209,67,0.5583333333333333,-6.916372667101733,0.4690452309131966,0.6440025330046214
football_1x2::primary_closing_B365_BW_PS,validation,multiplicative,65-69.9%,84,0.044585987261146494,0.6756843948096444,56.75748916401013,67,0.7976190476190477,12.19346528094033,0.6995818724114075,0.8696254321036759
football_1x2::primary_closing_B365_BW_PS,validation,multiplicative,70-74.9%,83,0.0440552016985138,0.7244008587514006,60.12527127636625,62,0.7469879518072289,2.258709305582829,0.6439770378335421,0.8281476887288564
football_1x2::primary_closing_B365_BW_PS,validation,multiplicative,75-79.9%,80,0.04246284501061571,0.7734088601113859,61.87270880891087,62,0.775,0.1591139888614146,0.6721321021639265,0.8526679265915337
football_1x2::primary_closing_B365_BW_PS,validation,multiplicative,80-84.9%,45,0.02388535031847134,0.8218212206485395,36.981954929184276,41,0.9111111111111111,8.928989046257163,0.7926642466571064,0.9648888832736299
football_1x2::primary_closing_B365_BW_PS,validation,multiplicative,85-89.9%,23,0.012208067940552018,0.8777438072940168,20.188107567762387,23,1.0,12.22561927059832,0.8568833815495731,1.0
football_1x2::primary_closing_B365_BW_PS,validation,multiplicative,90-94.9%,1,0.0005307855626326964,0.9077441498671636,0.9077441498671636,1,1.0,9.225585013283643,0.20654931437723745,1.0
football_1x2::primary_closing_B365_BW_PS,validation,multiplicative,95%+,0,0.0,,0.0,0,,,,
football_1x2::primary_closing_B365_BW_PS,validation,additive,50-54.9%,241,0.12791932059447983,0.5244244056859648,126.38628177031751,125,0.5186721991701245,-0.5752206515840297,0.45579322118038085,0.5809652593618834
football_1x2::primary_closing_B365_BW_PS,validation,additive,55-59.9%,210,0.11146496815286625,0.574953706875243,120.74027844380103,122,0.580952380952381,0.5998674077137944,0.5133513124853876,0.6456449840583477
football_1x2::primary_closing_B365_BW_PS,validation,additive,60-64.9%,129,0.06847133757961783,0.6223744067355175,80.28629846888175,76,0.5891472868217055,-3.3227119913811998,0.5028661010486245,0.6702726178737927
football_1x2::primary_closing_B365_BW_PS,validation,additive,65-69.9%,94,0.049893842887473464,0.6716307424194614,63.13328978742937,65,0.6914893617021277,1.98586192826663,0.592143129006893,0.775799054541026
football_1x2::primary_closing_B365_BW_PS,validation,additive,70-74.9%,85,0.04511677282377919,0.7242779002438069,61.563621520723586,68,0.8,7.572209975619315,0.7028462911516961,0.8712100185598731
football_1x2::primary_closing_B365_BW_PS,validation,additive,75-79.9%,77,0.04087048832271762,0.774650346441651,59.64807667600713,59,0.7662337662337663,-0.8416580207884716,0.660461714721147,0.8467037990895051
football_1x2::primary_closing_B365_BW_PS,validation,additive,80-84.9%,60,0.03184713375796178,0.8214144452075078,49.28486671245047,51,0.85,2.858555479249214,0.7388541093022145,0.9190255941983225
football_1x2::primary_closing_B365_BW_PS,validation,additive,85-89.9%,28,0.014861995753715499,0.871816359963497,24.410858078977917,26,0.9285714285714286,5.675506860793156,0.7735463743160095,0.9801879358846942
football_1x2::primary_closing_B365_BW_PS,validation,additive,90-94.9%,14,0.0074309978768577496,0.9145771555053859,12.804080177075402,14,1.0,8.542284449461413,0.7846891972623643,1.0
football_1x2::primary_closing_B365_BW_PS,validation,additive,95%+,0,0.0,,0.0,0,,,,
football_1x2::primary_closing_B365_BW_PS,validation,power,50-54.9%,244,0.12951167728237792,0.5242183237231396,127.90927098844605,126,0.5163934426229508,-0.7824881100188752,0.45392347894897234,0.578355220660312
football_1x2::primary_closing_B365_BW_PS,validation,power,55-59.9%,206,0.10934182590233546,0.5748259294817741,118.41414147324548,120,0.5825242718446602,0.7698342362886024,0.514273518015913,0.6477535675327648
football_1x2::primary_closing_B365_BW_PS,validation,power,60-64.9%,131,0.06953290870488323,0.6218498541965483,81.46233089974783,76,0.5801526717557252,-4.1697182440823095,0.49453635953136416,0.6612020920076749
football_1x2::primary_closing_B365_BW_PS,validation,power,65-69.9%,94,0.049893842887473464,0.6714683840774377,63.118028103279144,66,0.7021276595744681,3.0659275497030403,0.6032278520902814,0.7851555638769665
football_1x2::primary_closing_B365_BW_PS,validation,power,70-74.9%,81,0.042993630573248405,0.7232183123132678,58.5806832973747,64,0.7901234567901234,6.690514447685558,0.6893461803165967,0.8646282639386685
football_1x2::primary_closing_B365_BW_PS,validation,power,75-79.9%,80,0.04246284501061571,0.7740412006854704,61.923296054837635,62,0.775,0.09587993145295792,0.6721321021639265,0.8526679265915337
football_1x2::primary_closing_B365_BW_PS,validation,power,80-84.9%,62,0.032908704883227176,0.8227510136806778,51.01056284820203,52,0.8387096774193549,1.5958663738677048,0.7279366398602256,0.9099593112969091
football_1x2::primary_closing_B365_BW_PS,validation,power,85-89.9%,26,0.013800424628450107,0.8705476748753782,22.634239546759833,24,0.9230769230769231,5.252924820154492,0.7585844622837095,0.9786449115277238
football_1x2::primary_closing_B365_BW_PS,validation,power,90-94.9%,18,0.009554140127388535,0.9170435250166071,16.50678345029893,18,1.0,8.295647498339287,0.8241207763533425,1.0
football_1x2::primary_closing_B365_BW_PS,validation,power,95%+,0,0.0,,0.0,0,,,,
football_1x2::primary_closing_B365_BW_PS,validation,odds_ratio,50-54.9%,244,0.12951167728237792,0.5250780897852318,128.11905390759657,136,0.5573770491803278,3.229895939509597,0.49464373074001444,0.6183317178924808
football_1x2::primary_closing_B365_BW_PS,validation,odds_ratio,55-59.9%,204,0.10828025477707007,0.5753666869880344,117.37480414555901,116,0.5686274509803921,-0.6739236007642257,0.5000149876871265,0.6347030813587404
football_1x2::primary_closing_B365_BW_PS,validation,odds_ratio,60-64.9%,126,0.06687898089171974,0.6230739170985128,78.5073135544126,74,0.5873015873015873,-3.577232979692546,0.49999785253375945,0.6694395536677615
football_1x2::primary_closing_B365_BW_PS,validation,odds_ratio,65-69.9%,89,0.04723991507430998,0.6718783299650606,59.79717136689039,62,0.6966292134831461,2.475088351808552,0.5946286603942715,0.7823580914791123
football_1x2::primary_closing_B365_BW_PS,validation,odds_ratio,70-74.9%,85,0.04511677282377919,0.7231130976810226,61.464613302886924,68,0.8,7.688690231897743,0.7028462911516961,0.8712100185598731
football_1x2::primary_closing_B365_BW_PS,validation,odds_ratio,75-79.9%,79,0.04193205944798301,0.7742576247662353,61.166352356532585,62,0.7848101265822784,1.055250181604317,0.682128319163289,0.8610779526794132
football_1x2::primary_closing_B365_BW_PS,validation,odds_ratio,80-84.9%,54,0.028662420382165606,0.8205425190044348,44.30929602623948,44,0.8148148148148148,-0.5727704189619987,0.6916405221784752,0.8961731445791086
football_1x2::primary_closing_B365_BW_PS,validation,odds_ratio,85-89.9%,26,0.013800424628450107,0.8704070986937839,22.63058456603838,26,1.0,12.959290130621614,0.8712710781407846,1.0
football_1x2::primary_closing_B365_BW_PS,validation,odds_ratio,90-94.9%,13,0.006900212314225053,0.9110924173308711,11.844201425301325,13,1.0,8.89075826691289,0.7719046276458016,0.9999999999999999
football_1x2::primary_closing_B365_BW_PS,validation,odds_ratio,95%+,0,0.0,,0.0,0,,,,
football_1x2::primary_closing_B365_BW_PS,validation,shin,50-54.9%,242,0.12845010615711253,0.525099929490023,127.07418293658557,133,0.5495867768595041,2.4486847369481035,0.48661372918330814,0.6110101627148623
football_1x2::primary_closing_B365_BW_PS,validation,shin,55-59.9%,205,0.10881104033970276,0.5750788686998096,117.89116808346097,115,0.5609756097560976,-1.4103258943712005,0.4925383204777709,0.6271697113525583
football_1x2::primary_closing_B365_BW_PS,validation,shin,60-64.9%,129,0.06847133757961783,0.6227437436102589,80.33394292572339,76,0.5891472868217055,-3.3596456788553386,0.5028661010486245,0.6702726178737927
football_1x2::primary_closing_B365_BW_PS,validation,shin,65-69.9%,87,0.04617834394904458,0.6709296011004268,58.37087529573713,62,0.7126436781609196,4.17140770604928,0.6101602906798939,0.7971427236082388
football_1x2::primary_closing_B365_BW_PS,validation,shin,70-74.9%,89,0.04723991507430998,0.722627815165254,64.3138755497076,70,0.7865168539325843,6.388903876733032,0.690471517751574,0.8588520349782139
football_1x2::primary_closing_B365_BW_PS,validation,shin,75-79.9%,79,0.04193205944798301,0.7744414480281675,61.180874394225235,62,0.7848101265822784,1.0368678554110944,0.682128319163289,0.8610779526794132
football_1x2::primary_closing_B365_BW_PS,validation,shin,80-84.9%,55,0.029193205944798302,0.8207593743791268,45.141765590851975,45,0.8181818181818182,-0.2577556197308595,0.6966954036336236,0.8981232956555033
football_1x2::primary_closing_B365_BW_PS,validation,shin,85-89.9%,27,0.014331210191082803,0.872193086065104,23.549213323757808,27,1.0,12.780691393489596,0.8754449702581328,0.9999999999999998
football_1x2::primary_closing_B365_BW_PS,validation,shin,90-94.9%,11,0.00583864118895966,0.9108441071118453,10.019285178230298,11,1.0,8.915589288815474,0.7411670330319684,1.0
football_1x2::primary_closing_B365_BW_PS,validation,shin,95%+,0,0.0,,0.0,0,,,,
football_1x2::primary_closing_B365_BW_PS,confirmation_2025_26,multiplicative,50-54.9%,75,0.13992537313432835,0.5226273917497377,39.19705438123033,32,0.4266666666666667,-9.596072508307103,0.3210074201902476,0.5394720767072307
football_1x2::primary_closing_B365_BW_PS,confirmation_2025_26,multiplicative,55-59.9%,51,0.09514925373134328,0.5742372394766491,29.286099213309104,26,0.5098039215686274,-6.443331790802165,0.37680923894569696,0.6414251410562926
football_1x2::primary_closing_B365_BW_PS,confirmation_2025_26,multiplicative,60-64.9%,39,0.07276119402985075,0.6256084779343788,24.39873063944077,23,0.5897435897435898,-3.5864888190789035,0.43418622882896973,0.7292068999927483
football_1x2::primary_closing_B365_BW_PS,confirmation_2025_26,multiplicative,65-69.9%,19,0.03544776119402985,0.6729069408902291,12.785231876914352,11,0.5789473684210527,-9.395957246917641,0.3627590353425504,0.7685810871754576
football_1x2::primary_closing_B365_BW_PS,confirmation_2025_26,multiplicative,70-74.9%,12,0.022388059701492536,0.7191927287830624,8.630312745396749,11,0.9166666666666666,19.747393788360423,0.646120088858883,0.9851349055950829
football_1x2::primary_closing_B365_BW_PS,confirmation_2025_26,multiplicative,75-79.9%,10,0.018656716417910446,0.7792928367371361,7.792928367371362,9,0.9,12.07071632628639,0.5958499732047615,0.9821237869049271
football_1x2::primary_closing_B365_BW_PS,confirmation_2025_26,multiplicative,80-84.9%,4,0.007462686567164179,0.8202637841611252,3.281055136644501,3,0.75,-7.026378416112522,0.30064184258240184,0.9544127391902995
football_1x2::primary_closing_B365_BW_PS,confirmation_2025_26,multiplicative,85-89.9%,1,0.0018656716417910447,0.854668470997898,0.854668470997898,1,1.0,14.533152900210201,0.20654931437723745,1.0
football_1x2::primary_closing_B365_BW_PS,confirmation_2025_26,multiplicative,90-94.9%,0,0.0,,0.0,0,,,,
football_1x2::primary_closing_B365_BW_PS,confirmation_2025_26,multiplicative,95%+,0,0.0,,0.0,0,,,,
football_1x2::primary_closing_B365_BW_PS,confirmation_2025_26,additive,50-54.9%,73,0.13619402985074627,0.5254076457530547,38.35475813997299,29,0.3972602739726027,-12.814737178045194,0.29286701857646835,0.5119258597705996
football_1x2::primary_closing_B365_BW_PS,confirmation_2025_26,additive,55-59.9%,51,0.09514925373134328,0.5748680291274848,29.318269485501727,25,0.49019607843137253,-8.467195069611227,0.35857485894370744,0.623190761054303
football_1x2::primary_closing_B365_BW_PS,confirmation_2025_26,additive,60-64.9%,40,0.07462686567164178,0.6262427012333035,25.04970804933214,24,0.6,-2.6242701233303523,0.44595893660346186,0.7365167431570808
football_1x2::primary_closing_B365_BW_PS,confirmation_2025_26,additive,65-69.9%,25,0.04664179104477612,0.6721680975096781,16.804202437741953,14,0.56,-11.216809750967805,0.3706733186979878,0.7333436111893266
football_1x2::primary_closing_B365_BW_PS,confirmation_2025_26,additive,70-74.9%,15,0.027985074626865673,0.726942989525876,10.90414484288814,12,0.8,7.305701047412406,0.5481455128483065,0.9295245065301844
football_1x2::primary_closing_B365_BW_PS,confirmation_2025_26,additive,75-79.9%,7,0.013059701492537313,0.7810894970699628,5.46762647948974,7,1.0,21.891050293003723,0.6456695649333126,1.0
football_1x2::primary_closing_B365_BW_PS,confirmation_2025_26,additive,80-84.9%,7,0.013059701492537313,0.8192147323494483,5.734503126446138,6,0.8571428571428571,3.792812479340879,0.4868721707256811,0.9743203756552565
football_1x2::primary_closing_B365_BW_PS,confirmation_2025_26,additive,85-89.9%,3,0.005597014925373134,0.867763864052535,2.603291592157605,2,0.6666666666666666,-20.10971973858684,0.2076596008020477,0.9385080552796037
football_1x2::primary_closing_B365_BW_PS,confirmation_2025_26,additive,90-94.9%,0,0.0,,0.0,0,,,,
football_1x2::primary_closing_B365_BW_PS,confirmation_2025_26,additive,95%+,0,0.0,,0.0,0,,,,
football_1x2::primary_closing_B365_BW_PS,confirmation_2025_26,power,50-54.9%,72,0.13432835820895522,0.5254476369799571,37.832229862556915,28,0.3888888888888889,-13.655874809106821,0.2846571438524779,0.5043764500578461
football_1x2::primary_closing_B365_BW_PS,confirmation_2025_26,power,55-59.9%,51,0.09514925373134328,0.5746128237412617,29.305254010804347,25,0.49019607843137253,-8.441674530988912,0.35857485894370744,0.623190761054303
football_1x2::primary_closing_B365_BW_PS,confirmation_2025_26,power,60-64.9%,41,0.07649253731343283,0.6267922167558384,25.698480886989376,25,0.6097560975609756,-1.7036119194862809,0.45726856934123794,0.7434385493987647
football_1x2::primary_closing_B365_BW_PS,confirmation_2025_26,power,65-69.9%,23,0.04291044776119403,0.6713218130929259,15.440401701137297,13,0.5652173913043478,-10.610442178857815,0.3681137508501646,0.743653646743258
football_1x2::primary_closing_B365_BW_PS,confirmation_2025_26,power,70-74.9%,16,0.029850746268656716,0.7242811553593489,11.588498485749582,13,0.8125,8.82188446406511,0.5699111903802586,0.9340840092857187
football_1x2::primary_closing_B365_BW_PS,confirmation_2025_26,power,75-79.9%,7,0.013059701492537313,0.7768622744639476,5.438035921247633,6,0.8571428571428571,8.028058267890948,0.4868721707256811,0.9743203756552565
football_1x2::primary_closing_B365_BW_PS,confirmation_2025_26,power,80-84.9%,8,0.014925373134328358,0.8208049940419049,6.566439952335239,7,0.875,5.419500595809512,0.5291118177871464,0.9775825085499433
football_1x2::primary_closing_B365_BW_PS,confirmation_2025_26,power,85-89.9%,3,0.005597014925373134,0.8723686739710353,2.617106021913106,2,0.6666666666666666,-20.570200730436873,0.2076596008020477,0.9385080552796037
football_1x2::primary_closing_B365_BW_PS,confirmation_2025_26,power,90-94.9%,0,0.0,,0.0,0,,,,
football_1x2::primary_closing_B365_BW_PS,confirmation_2025_26,power,95%+,0,0.0,,0.0,0,,,,
football_1x2::primary_closing_B365_BW_PS,confirmation_2025_26,odds_ratio,50-54.9%,75,0.13992537313432835,0.5250696654815067,39.380224911113004,30,0.4,-12.506966548150666,0.2966251564586679,0.5131196120378932
football_1x2::primary_closing_B365_BW_PS,confirmation_2025_26,odds_ratio,55-59.9%,47,0.08768656716417911,0.57448884289095,27.00097561587465,23,0.48936170212765956,-8.512714076329047,0.3527555503368215,0.6275754625177314
football_1x2::primary_closing_B365_BW_PS,confirmation_2025_26,odds_ratio,60-64.9%,40,0.07462686567164178,0.6238662713857529,24.954650855430117,25,0.625,0.11337286142470981,0.47032439137301096,0.7577702083276673
football_1x2::primary_closing_B365_BW_PS,confirmation_2025_26,odds_ratio,65-69.9%,24,0.04477611940298507,0.6701293026178933,16.08310326282944,13,0.5416666666666666,-12.846263595122664,0.3507486535891948,0.72108666268789
football_1x2::primary_closing_B365_BW_PS,confirmation_2025_26,odds_ratio,70-74.9%,14,0.026119402985074626,0.7229970935540323,10.121959309756452,11,0.7857142857142857,6.27171921602534,0.524107694133997,0.9242861328730683
football_1x2::primary_closing_B365_BW_PS,confirmation_2025_26,odds_ratio,75-79.9%,8,0.014925373134328358,0.7781779088285976,6.225423270628781,8,1.0,22.18220911714024,0.6755924351161198,1.0
football_1x2::primary_closing_B365_BW_PS,confirmation_2025_26,odds_ratio,80-84.9%,6,0.011194029850746268,0.816124664887894,4.896747989327364,5,0.8333333333333334,1.7208668445439335,0.43649717781352987,0.9699466302516935
football_1x2::primary_closing_B365_BW_PS,confirmation_2025_26,odds_ratio,85-89.9%,3,0.005597014925373134,0.862566596583564,2.587699789750692,2,0.6666666666666666,-19.58999299168974,0.2076596008020477,0.9385080552796037
football_1x2::primary_closing_B365_BW_PS,confirmation_2025_26,odds_ratio,90-94.9%,0,0.0,,0.0,0,,,,
football_1x2::primary_closing_B365_BW_PS,confirmation_2025_26,odds_ratio,95%+,0,0.0,,0.0,0,,,,
football_1x2::primary_closing_B365_BW_PS,confirmation_2025_26,shin,50-54.9%,76,0.1417910447761194,0.5245339215955539,39.8645780412621,30,0.39473684210526316,-12.979707949029073,0.29246582640329877,0.5071370336104144
football_1x2::primary_closing_B365_BW_PS,confirmation_2025_26,shin,55-59.9%,49,0.0914179104477612,0.5745817303959369,28.154504789400907,24,0.4897959183673469,-8.478581202858992,0.3557511031030578,0.6253243625953194
football_1x2::primary_closing_B365_BW_PS,confirmation_2025_26,shin,60-64.9%,39,0.07276119402985075,0.6242383967119051,24.345297471764297,24,0.6153846153846154,-0.8853781327289645,0.45899061456925083,0.7510862653443866
football_1x2::primary_closing_B365_BW_PS,confirmation_2025_26,shin,65-69.9%,24,0.04477611940298507,0.6688984099783548,16.053561839480516,13,0.5416666666666666,-12.723174331168819,0.3507486535891948,0.72108666268789
football_1x2::primary_closing_B365_BW_PS,confirmation_2025_26,shin,70-74.9%,15,0.027985074626865673,0.7219815623422389,10.829723435133584,12,0.8,7.801843765776118,0.5481455128483065,0.9295245065301844
football_1x2::primary_closing_B365_BW_PS,confirmation_2025_26,shin,75-79.9%,8,0.014925373134328358,0.7782903508111525,6.22632280648922,8,1.0,22.17096491888475,0.6755924351161198,1.0
football_1x2::primary_closing_B365_BW_PS,confirmation_2025_26,shin,80-84.9%,6,0.011194029850746268,0.8155535113689902,4.893321068213941,5,0.8333333333333334,1.7779821964343134,0.43649717781352987,0.9699466302516935
football_1x2::primary_closing_B365_BW_PS,confirmation_2025_26,shin,85-89.9%,3,0.005597014925373134,0.8616571127570105,2.5849713382710315,2,0.6666666666666666,-19.49904460903439,0.2076596008020477,0.9385080552796037
football_1x2::primary_closing_B365_BW_PS,confirmation_2025_26,shin,90-94.9%,0,0.0,,0.0,0,,,,
football_1x2::primary_closing_B365_BW_PS,confirmation_2025_26,shin,95%+,0,0.0,,0.0,0,,,,
football_1x2::all_books_closing,development,multiplicative,50-54.9%,390,0.11206896551724138,0.5240961046115238,204.39748079849426,205,0.5256410256410257,0.15449210295018778,0.4760745525252459,0.5747073028433771
football_1x2::all_books_closing,development,multiplicative,55-59.9%,335,0.09626436781609195,0.5734662732311107,192.11120153242206,192,0.573134328358209,-0.03319448729016683,0.5196334865888192,0.6249769166674408
football_1x2::all_books_closing,development,multiplicative,60-64.9%,215,0.0617816091954023,0.6231644217054547,133.98035066667276,140,0.6511627906976745,2.7998368992219747,0.5853085361660479,0.7117101382216842
football_1x2::all_books_closing,development,multiplicative,65-69.9%,145,0.041666666666666664,0.6745989907882619,97.81685366429798,102,0.7034482758620689,2.884928507380702,0.6246340991642361,0.7717608331850627
football_1x2::all_books_closing,development,multiplicative,70-74.9%,132,0.03793103448275862,0.7257212693884036,95.79520755926929,95,0.7196969696969697,-0.6024299691433921,0.6376988688732459,0.7892694551091839
football_1x2::all_books_closing,development,multiplicative,75-79.9%,83,0.02385057471264368,0.7722887748283079,64.09996831074956,67,0.8072289156626506,3.4940140834342714,0.7095661283535466,0.8777109705411443
football_1x2::all_books_closing,development,multiplicative,80-84.9%,79,0.022701149425287358,0.8230313222615679,65.01947445866386,67,0.8481012658227848,2.5069943561216834,0.7530014556229535,0.9109173210736826
football_1x2::all_books_closing,development,multiplicative,85-89.9%,31,0.008908045977011494,0.8664529315679743,26.860040878607204,29,0.9354838709677419,6.903093939976756,0.7928136326370188,0.9821252164780854
football_1x2::all_books_closing,development,multiplicative,90-94.9%,2,0.0005747126436781609,0.9035854815321337,1.8071709630642674,2,1.0,9.64145184678663,0.34238022750665303,1.0
football_1x2::all_books_closing,development,multiplicative,95%+,0,0.0,,0.0,0,,,,
football_1x2::all_books_closing,development,additive,50-54.9%,405,0.11637931034482758,0.5239622429222851,212.20470838352546,209,0.5160493827160494,-0.7912860206235717,0.467456937924211,0.564340228726888
football_1x2::all_books_closing,development,additive,55-59.9%,330,0.09482758620689655,0.5747189911338958,189.6572670741856,185,0.5606060606060606,-1.4112930527835243,0.5066646198974244,0.6131527333495369
football_1x2::all_books_closing,development,additive,60-64.9%,234,0.06724137931034482,0.6230152385144668,145.78556581238524,147,0.6282051282051282,0.5189889690661365,0.5646799813489235,0.6875889052341903
football_1x2::all_books_closing,development,additive,65-69.9%,153,0.04396551724137931,0.674317039332715,103.17050701790541,105,0.6862745098039216,1.1957470471206544,0.6089514465764796,0.7544728701098637
football_1x2::all_books_closing,development,additive,70-74.9%,128,0.0367816091954023,0.7261687113243303,92.94959504951427,95,0.7421875,1.6018788675669748,0.6601308077044309,0.8101309791005885
football_1x2::all_books_closing,development,additive,75-79.9%,104,0.029885057471264367,0.7734488397024925,80.43867932905921,76,0.7307692307692307,-4.267960893326173,0.6384304486194915,0.8066673878239922
football_1x2::all_books_closing,development,additive,80-84.9%,75,0.021551724137931036,0.8273324328888317,62.04993246666238,64,0.8533333333333334,2.600090044450165,0.7561523214068765,0.9160828299052742
football_1x2::all_books_closing,development,additive,85-89.9%,57,0.016379310344827588,0.871976999165308,49.702688952422555,48,0.8421052631578947,-2.987173600741333,0.7263682305936197,0.9146420402964472
football_1x2::all_books_closing,development,additive,90-94.9%,11,0.003160919540229885,0.9165734647145267,10.082308111859794,11,1.0,8.342653528547327,0.7411670330319684,1.0
football_1x2::all_books_closing,development,additive,95%+,0,0.0,,0.0,0,,,,
football_1x2::all_books_closing,development,power,50-54.9%,404,0.11609195402298851,0.523947223455067,211.67467827584704,208,0.5148514851485149,-0.9095738306552081,0.46620704123253237,0.5632161567785255
football_1x2::all_books_closing,development,power,55-59.9%,327,0.0939655172413793,0.5746320090932175,187.90466697348214,186,0.5688073394495413,-0.5824669643676228,0.5146374386783036,0.6213793717915977
football_1x2::all_books_closing,development,power,60-64.9%,237,0.06810344827586207,0.6230768489416038,147.66921319916008,147,0.620253164556962,-0.2823684384641756,0.5570116577403286,0.6796585579239784
football_1x2::all_books_closing,development,power,65-69.9%,149,0.042816091954022986,0.674176479437365,100.45229543616739,101,0.6778523489932886,0.3675869555923583,0.5991638615843321,0.7476006904484834
football_1x2::all_books_closing,development,power,70-74.9%,126,0.03620689655172414,0.7252493326193244,91.38141591003487,93,0.7380952380952381,1.2845905475913688,0.6550979653395279,0.8070040515737109
football_1x2::all_books_closing,development,power,75-79.9%,103,0.02959770114942529,0.771855856998913,79.50115327088804,75,0.7281553398058253,-4.370051719308776,0.6351914460583965,0.804712693390667
football_1x2::all_books_closing,development,power,80-84.9%,73,0.020977011494252875,0.8240117080594485,60.15285468833974,63,0.863013698630137,3.900199057068854,0.765875725934301,0.9238561039060587
football_1x2::all_books_closing,development,power,85-89.9%,64,0.01839080459770115,0.870813176680788,55.73204330757043,54,0.84375,-2.706317668078795,0.7357193822745122,0.912851576617934
football_1x2::all_books_closing,development,power,90-94.9%,16,0.004597701149425287,0.9177752693839039,14.684404310142462,15,0.9375,1.9724730616096142,0.7167126242970107,0.9888806552353576
football_1x2::all_books_closing,development,power,95%+,0,0.0,,0.0,0,,,,
football_1x2::all_books_closing,development,odds_ratio,50-54.9%,398,0.11436781609195402,0.5242964934083213,208.67000437651188,206,0.5175879396984925,-0.6708553709828813,0.4685630699443484,0.5662765407844366
football_1x2::all_books_closing,development,odds_ratio,55-59.9%,332,0.09540229885057472,0.5749174543862604,190.87259485623846,189,0.5692771084337349,-0.5640345952525494,0.5155195237000827,0.6214498670402053
football_1x2::all_books_closing,development,odds_ratio,60-64.9%,219,0.06293103448275862,0.6231322756491929,136.46596836717325,140,0.639269406392694,1.6137130743501094,0.57377313938011,0.6999640741654298
football_1x2::all_books_closing,development,odds_ratio,65-69.9%,150,0.04310344827586207,0.6736045815129927,101.0406872269489,103,0.6866666666666666,1.3062085153673908,0.6085602497894558,0.7554508589797957
football_1x2::all_books_closing,development,odds_ratio,70-74.9%,128,0.0367816091954023,0.7252709399508876,92.83468031371362,92,0.71875,-0.652093995088765,0.6353658087171574,0.7893867729131827
football_1x2::all_books_closing,development,odds_ratio,75-79.9%,99,0.028448275862068967,0.7721440164189544,76.44225762547649,74,0.7474747474747475,-2.4669268944206846,0.6537553108987586,0.822706230603024
football_1x2::all_books_closing,development,odds_ratio,80-84.9%,74,0.021264367816091954,0.8257886809362164,61.10836238928001,64,0.8648648648648649,3.9076183928648534,0.7688082144747669,0.9249095140738163
football_1x2::all_books_closing,development,odds_ratio,85-89.9%,52,0.014942528735632184,0.8693431600880934,45.20584432458086,44,0.8461538461538461,-2.318931393424728,0.7247591482358985,0.9199231498321968
football_1x2::all_books_closing,development,odds_ratio,90-94.9%,10,0.0028735632183908046,0.913640638872182,9.13640638872182,10,1.0,8.635936112781796,0.7224672001371107,0.9999999999999999
football_1x2::all_books_closing,development,odds_ratio,95%+,0,0.0,,0.0,0,,,,
football_1x2::all_books_closing,development,shin,50-54.9%,404,0.11609195402298851,0.5241704454726293,211.76485997094224,210,0.5198019801980198,-0.43684652746094343,0.47112741013247045,0.56810352054894
football_1x2::all_books_closing,development,shin,55-59.9%,331,0.09511494252873563,0.5749122178379206,190.29594410435172,187,0.5649546827794562,-0.9957535058464417,0.5111032838281089,0.6173157003426244
football_1x2::all_books_closing,development,shin,60-64.9%,224,0.06436781609195402,0.6229907316247855,139.54992388395195,144,0.6428571428571429,1.986641123235744,0.5781848098190421,0.7027122680493301
football_1x2::all_books_closing,development,shin,65-69.9%,152,0.04367816091954023,0.6738263812984124,102.4216099573587,105,0.6907894736842105,1.6963092385798073,0.613372753998248,0.7588003534592022
football_1x2::all_books_closing,development,shin,70-74.9%,127,0.03649425287356322,0.7252548657845164,92.10736795463357,90,0.7086614173228346,-1.659344846168176,0.6244382323509742,0.7806321518965104
football_1x2::all_books_closing,development,shin,75-79.9%,101,0.029022988505747128,0.7718490813564901,77.9567572170055,76,0.7524752475247525,-1.937383383173763,0.6600972132973753,0.8263515692135885
football_1x2::all_books_closing,development,shin,80-84.9%,75,0.021551724137931036,0.8255254926390106,61.9144119479258,64,0.8533333333333334,2.780784069432274,0.7561523214068765,0.9160828299052742
football_1x2::all_books_closing,development,shin,85-89.9%,53,0.015229885057471264,0.8693745745648437,46.076852451936716,46,0.8679245283018868,-0.1450046262956861,0.7515974469109508,0.9345214671553674
football_1x2::all_books_closing,development,shin,90-94.9%,8,0.0022988505747126436,0.9130769174446809,7.304615339557447,8,1.0,8.69230825553191,0.6755924351161198,1.0
football_1x2::all_books_closing,development,shin,95%+,0,0.0,,0.0,0,,,,
football_1x2::all_books_closing,validation,multiplicative,50-54.9%,299,0.12887931034482758,0.523896258946511,156.6449814250068,168,0.5618729096989966,3.7976650752485575,0.5052021553247821,0.6169739831210008
football_1x2::all_books_closing,validation,multiplicative,55-59.9%,266,0.1146551724137931,0.5759381653392771,153.19955198024772,154,0.5789473684210527,0.30092030817755466,0.5189037768254725,0.6367431729929705
football_1x2::all_books_closing,validation,multiplicative,60-64.9%,153,0.06594827586206897,0.6285155743301869,96.1628828725186,91,0.5947712418300654,-3.3744332500121543,0.5155828795365858,0.6693172114090977
football_1x2::all_books_closing,validation,multiplicative,65-69.9%,102,0.04396551724137931,0.6782747954572441,69.1840291366389,77,0.7549019607843137,7.662716532706959,0.663182417362967,0.8281184450721693
football_1x2::all_books_closing,validation,multiplicative,70-74.9%,101,0.043534482758620686,0.7253904934580008,73.26443983925807,79,0.7821782178217822,5.678772436378143,0.6921548637306663,0.8515231873109992
football_1x2::all_books_closing,validation,multiplicative,75-79.9%,91,0.039224137931034485,0.7724753823702704,70.2952597956946,70,0.7692307692307693,-0.32446131395010847,0.6728332884644229,0.8438184017277187
football_1x2::all_books_closing,validation,multiplicative,80-84.9%,57,0.02456896551724138,0.8191569483657996,46.691946056850576,47,0.8245614035087719,0.5404455142972386,0.7063264717030607,0.9018114776029004
football_1x2::all_books_closing,validation,multiplicative,85-89.9%,26,0.011206896551724138,0.8762723509513605,22.78308112473537,25,0.9615384615384616,8.52661105871011,0.8110722109696524,0.9931780150064564
football_1x2::all_books_closing,validation,multiplicative,90-94.9%,1,0.0004310344827586207,0.9063459333580409,0.9063459333580409,1,1.0,9.365406664195907,0.20654931437723745,1.0
football_1x2::all_books_closing,validation,multiplicative,95%+,0,0.0,,0.0,0,,,,
football_1x2::all_books_closing,validation,additive,50-54.9%,292,0.12586206896551724,0.5240625321343301,153.02625938322439,150,0.5136986301369864,-1.0363901997343716,0.4565663081051897,0.5704752026820078
football_1x2::all_books_closing,validation,additive,55-59.9%,246,0.1060344827586207,0.5742162545379618,141.2571986163386,151,0.6138211382113821,3.96048836734203,0.551674344498638,0.6724677985401201
football_1x2::all_books_closing,validation,additive,60-64.9%,178,0.07672413793103448,0.6218339439252261,110.68644201869023,105,0.5898876404494382,-3.1946303475787863,0.5164747682910497,0.6595027024547927
football_1x2::all_books_closing,validation,additive,65-69.9%,106,0.045689655172413794,0.6707485186980314,71.09934298199133,72,0.6792452830188679,0.8496764320836458,0.5854617194006704,0.7604914426201603
football_1x2::all_books_closing,validation,additive,70-74.9%,115,0.04956896551724138,0.7236388174111498,83.21846400228222,89,0.7739130434782608,5.027422606711108,0.6893343969366545,0.8407836327911129
football_1x2::all_books_closing,validation,additive,75-79.9%,89,0.03836206896551724,0.7753689780138909,69.00783904323629,67,0.7528089887640449,-2.2559989249846035,0.6539796168565029,0.8307176355521335
football_1x2::all_books_closing,validation,additive,80-84.9%,78,0.03362068965517241,0.8222946598207105,64.13898346601542,63,0.8076923076923077,-1.4602352128402774,0.7066518728093648,0.8798479365985158
football_1x2::all_books_closing,validation,additive,85-89.9%,31,0.013362068965517242,0.8724275940384949,27.045255415193342,28,0.9032258064516129,3.0798212413117976,0.7510006155660716,0.9665353558368026
football_1x2::all_books_closing,validation,additive,90-94.9%,16,0.006896551724137931,0.9161246231755964,14.657993970809542,15,0.9375,2.1375376824403602,0.7167126242970107,0.9888806552353576
football_1x2::all_books_closing,validation,additive,95%+,0,0.0,,0.0,0,,,,
football_1x2::all_books_closing,validation,power,50-54.9%,292,0.12586206896551724,0.5242498083320959,153.080944032972,150,0.5136986301369864,-1.0551178195109534,0.4565663081051897,0.5704752026820078
football_1x2::all_books_closing,validation,power,55-59.9%,244,0.10517241379310345,0.5744863282547805,140.17466409416645,149,0.610655737704918,3.616940945013747,0.54821114100849,0.6696700813541792
football_1x2::all_books_closing,validation,power,60-64.9%,176,0.07586206896551724,0.6217960531581904,109.4361053558415,103,0.5852272727272727,-3.6568780430917713,0.511377477385122,0.6554361160806131
football_1x2::all_books_closing,validation,power,65-69.9%,108,0.04655172413793104,0.6705934272061284,72.42409013826186,73,0.6759259259259259,0.5332498719797574,0.5829333238469441,0.7568333458718599
football_1x2::all_books_closing,validation,power,70-74.9%,110,0.04741379310344827,0.7234440806645616,79.57884887310178,85,0.7727272727272727,4.928319206271114,0.6859950477981386,0.841053714766499
football_1x2::all_books_closing,validation,power,75-79.9%,94,0.04051724137931034,0.7756652662165731,72.91253502435787,71,0.7553191489361702,-2.034611728040281,0.6595241890282197,0.8310653890356723
football_1x2::all_books_closing,validation,power,80-84.9%,76,0.032758620689655175,0.8241017140152342,62.631730265157806,62,0.8157894736842105,-0.8312240331023735,0.7142173789108908,0.8869740410479698
football_1x2::all_books_closing,validation,power,85-89.9%,33,0.014224137931034483,0.871722041833118,28.76682738049289,29,0.8787878787878788,0.7065836954760818,0.7267449482892476,0.9518383869058644
football_1x2::all_books_closing,validation,power,90-94.9%,19,0.008189655172413794,0.9209373119382258,17.49780892682629,18,0.9473684210526315,2.6431109114405715,0.753612688331012,0.9906480059376995
football_1x2::all_books_closing,validation,power,95%+,0,0.0,,0.0,0,,,,
football_1x2::all_books_closing,validation,odds_ratio,50-54.9%,296,0.12758620689655173,0.5251784758759441,155.45282885927946,163,0.5506756756756757,2.549719979973153,0.4937198725746946,0.6063330024279583
football_1x2::all_books_closing,validation,odds_ratio,55-59.9%,244,0.10517241379310345,0.575881765847337,140.51515086675022,140,0.5737704918032787,-0.2111274044058309,0.5110488929327699,0.6342052553090096
football_1x2::all_books_closing,validation,odds_ratio,60-64.9%,159,0.06853448275862069,0.6221534992587573,98.92240638214241,97,0.610062893081761,-1.209060617699631,0.5325097164466583,0.6824232634803928
football_1x2::all_books_closing,validation,odds_ratio,65-69.9%,114,0.04913793103448276,0.6715861631969195,76.56082260444883,72,0.631578947368421,-4.000721582849853,0.5400907421633959,0.7144885909526982
football_1x2::all_books_closing,validation,odds_ratio,70-74.9%,105,0.04525862068965517,0.7233817778275834,75.95508667189625,86,0.819047619047619,9.566584122003563,0.7345909190245711,0.8809833366492349
football_1x2::all_books_closing,validation,odds_ratio,75-79.9%,94,0.04051724137931034,0.7746771321986928,72.81965042667713,72,0.7659574468085106,-0.8719685390182197,0.6709730100166705,0.8400578004665503
football_1x2::all_books_closing,validation,odds_ratio,80-84.9%,68,0.029310344827586206,0.8207332868342219,55.80986350472708,54,0.7941176470588235,-2.661563977539838,0.683577175548106,0.8732043912047937
football_1x2::all_books_closing,validation,odds_ratio,85-89.9%,31,0.013362068965517242,0.8706655977303397,26.99063352964053,29,0.9354838709677419,6.4818273237402195,0.7928136326370188,0.9821252164780854
football_1x2::all_books_closing,validation,odds_ratio,90-94.9%,14,0.00603448275862069,0.9142242691830674,12.799139768562943,13,0.9285714285714286,1.4347159388361175,0.6853129557584889,0.9872777847521093
football_1x2::all_books_closing,validation,odds_ratio,95%+,0,0.0,,0.0,0,,,,
football_1x2::all_books_closing,validation,shin,50-54.9%,294,0.1267241379310345,0.5245935380542881,154.2305001879607,157,0.5340136054421769,0.9420067387888809,0.4769208131925144,0.5902290056379137
football_1x2::all_books_closing,validation,shin,55-59.9%,250,0.10775862068965517,0.5753414259135136,143.8353564783784,146,0.584,0.8658574086486404,0.5220809648361122,0.643376640848653
football_1x2::all_books_closing,validation,shin,60-64.9%,162,0.06982758620689655,0.6221340633040735,100.78571825525991,99,0.6111111111111112,-1.1022952192962343,0.5342978115628693,0.6827769793609298
football_1x2::all_books_closing,validation,shin,65-69.9%,114,0.04913793103448276,0.6715232923380201,76.5536553265343,73,0.6403508771929824,-3.1172415145037657,0.5490091280357571,0.7225421606214103
football_1x2::all_books_closing,validation,shin,70-74.9%,107,0.046120689655172416,0.7234351174640263,77.40755756865082,87,0.8130841121495327,8.964899468550636,0.7288517015069753,0.8756152616027801
football_1x2::all_books_closing,validation,shin,75-79.9%,95,0.040948275862068964,0.7749103915312116,73.6164871954651,73,0.7684210526315789,-0.6489338899632657,0.6741746146961753,0.8418032007721075
football_1x2::all_books_closing,validation,shin,80-84.9%,69,0.029741379310344828,0.8211165422857946,56.657041417719824,54,0.782608695652174,-3.8507846633620613,0.6718170359123908,0.8635923398937974
football_1x2::all_books_closing,validation,shin,85-89.9%,29,0.0125,0.870539153550672,25.245635452969488,28,0.9655172413793104,9.497808782863837,0.8282447812067973,0.9938867857072374
football_1x2::all_books_closing,validation,shin,90-94.9%,14,0.00603448275862069,0.9104263725845108,12.74596921618315,13,0.9285714285714286,1.8145055986917846,0.6853129557584889,0.9872777847521093
football_1x2::all_books_closing,validation,shin,95%+,0,0.0,,0.0,0,,,,
football_1x2::all_books_opening,development,multiplicative,50-54.9%,394,0.1132509341764875,0.5243510137621835,206.5942994223003,210,0.5329949238578681,0.8643910095684548,0.4836505454701728,0.5817021205819547
football_1x2::all_books_opening,development,multiplicative,55-59.9%,301,0.08651911468812877,0.573747729396786,172.69806654843256,174,0.5780730897009967,0.43253603042107125,0.521640798303265,0.632537705440365
football_1x2::all_books_opening,development,multiplicative,60-64.9%,223,0.06409887898821501,0.6227954250692617,138.88337979044536,143,0.6412556053811659,1.8460180311904217,0.5764018133045248,0.7013251962444575
football_1x2::all_books_opening,development,multiplicative,65-69.9%,137,0.03937913193446393,0.6742752513874647,92.37570944008266,94,0.6861313868613139,1.1856135473849228,0.6042458140722458,0.7578634712691419
football_1x2::all_books_opening,development,multiplicative,70-74.9%,129,0.03707962058062662,0.7250436121286044,93.53062596458996,96,0.7441860465116279,1.9142434383023543,0.6625928896044233,0.8116566448352407
football_1x2::all_books_opening,development,multiplicative,75-79.9%,80,0.022995113538373097,0.7732405645992536,61.85924516794029,63,0.7875,1.4259435400746368,0.6857784426940333,0.8628761328230384
football_1x2::all_books_opening,development,multiplicative,80-84.9%,86,0.024719747053751077,0.8209219778657666,70.59929009645593,73,0.8488372093023255,2.791523143655894,0.7583643480040613,0.9094787701686765
football_1x2::all_books_opening,development,multiplicative,85-89.9%,27,0.0077608508192009195,0.8621588838912863,23.27828986506473,25,0.9259259259259259,6.376704203463968,0.7663040731697686,0.9794453459390113
football_1x2::all_books_opening,development,multiplicative,90-94.9%,0,0.0,,0.0,0,,,,
football_1x2::all_books_opening,development,multiplicative,95%+,0,0.0,,0.0,0,,,,
football_1x2::all_books_opening,development,additive,50-54.9%,381,0.10951422822650186,0.5236100295501624,199.49542125861188,198,0.5196850393700787,-0.3924990180083743,0.46957209444333037,0.5694049950988564
football_1x2::all_books_opening,development,additive,55-59.9%,314,0.0902558206381144,0.5728943212715754,179.88881687927466,182,0.5796178343949044,0.6723513123329083,0.5243800336065737,0.6329310993888447
football_1x2::all_books_opening,development,additive,60-64.9%,246,0.07070997413049727,0.6240164601410166,153.5080491946901,151,0.6138211382113821,-1.019532192963457,0.551674344498638,0.6724677985401201
football_1x2::all_books_opening,development,additive,65-69.9%,138,0.03966657085369359,0.673507517005131,92.94403734670807,98,0.7101449275362319,3.6637410531100922,0.6295731633766152,0.7793340805436514
football_1x2::all_books_opening,development,additive,70-74.9%,122,0.03506754814601897,0.7243093856690898,88.36574505162895,80,0.6557377049180327,-6.857168075105702,0.5678346242942165,0.7341326316174024
football_1x2::all_books_opening,development,additive,75-79.9%,103,0.02960620868065536,0.771425547966801,79.4568314405805,80,0.7766990291262136,0.5273481159412619,0.6871583963606128,0.8463423685031449
football_1x2::all_books_opening,development,additive,80-84.9%,88,0.025294624892210404,0.8277976946104829,72.8461971257225,77,0.875,4.720230538951709,0.7898824415232533,0.9287472584780776
football_1x2::all_books_opening,development,additive,85-89.9%,53,0.015234262719172175,0.872870743137819,46.26214938630441,44,0.8301886792452831,-4.268206389253592,0.7077471971890396,0.9080005462038102
football_1x2::all_books_opening,development,additive,90-94.9%,5,0.0014371945961483186,0.9100676084749241,4.55033804237462,5,1.0,8.993239152507593,0.5655175352168251,1.0
football_1x2::all_books_opening,development,additive,95%+,0,0.0,,0.0,0,,,,
football_1x2::all_books_opening,development,power,50-54.9%,379,0.10893935038804255,0.5236346387512086,198.45752808670807,197,0.5197889182058048,-0.38457205454038856,0.46954409507258177,0.5696366144728422
football_1x2::all_books_opening,development,power,55-59.9%,311,0.08939350388042541,0.5727524440114251,178.1260100875532,180,0.5787781350482315,0.6025691036806391,0.5232686612811098,0.6323652256394373
football_1x2::all_books_opening,development,power,60-64.9%,247,0.07099741304972693,0.6238829612378949,154.09909142576004,152,0.6153846153846154,-0.8498345853279465,0.5533863075948726,0.6738488562730931
football_1x2::all_books_opening,development,power,65-69.9%,138,0.03966657085369359,0.6732065256792336,92.90250054373423,97,0.7028985507246377,2.9692025045404136,0.6219982697434201,0.7728087243864923
football_1x2::all_books_opening,development,power,70-74.9%,123,0.03535498706524864,0.7246758868309983,89.13513408021278,82,0.6666666666666666,-5.800922016433163,0.5794266699752488,0.7438114919096479
football_1x2::all_books_opening,development,power,75-79.9%,101,0.029031330842196033,0.7718214332457621,77.95396475782198,77,0.7623762376237624,-0.9445195621999747,0.6707248418003476,0.8348003635541833
football_1x2::all_books_opening,development,power,80-84.9%,85,0.024432308134521415,0.8277874466767753,70.3619329675259,73,0.8588235294117647,3.1036082734989368,0.7692586997665947,0.9173576706727329
football_1x2::all_books_opening,development,power,85-89.9%,58,0.016671457315320496,0.872672566269749,50.61500884364544,50,0.8620689655172413,-1.0603600752507658,0.7507409056616204,0.9284151298028188
football_1x2::all_books_opening,development,power,90-94.9%,9,0.0025869502730669733,0.9101884919368172,8.191696427431355,8,0.8888888888888888,-2.129960304792833,0.5650002944233439,0.9801091123614551
football_1x2::all_books_opening,development,power,95%+,0,0.0,,0.0,0,,,,
football_1x2::all_books_opening,development,odds_ratio,50-54.9%,381,0.10951422822650186,0.5241486117612679,199.70062108104307,202,0.5301837270341208,0.6035115272852831,0.4800178378859762,0.579747032745377
football_1x2::all_books_opening,development,odds_ratio,55-59.9%,311,0.08939350388042541,0.5734852985563585,178.3539278510275,180,0.5787781350482315,0.5292836491872954,0.5232686612811098,0.6323652256394373
football_1x2::all_books_opening,development,odds_ratio,60-64.9%,227,0.06524863466513366,0.6230305769121873,141.42794095906652,139,0.6123348017621145,-1.0695775150072806,0.5475863604253532,0.6733444908201078
football_1x2::all_books_opening,development,odds_ratio,65-69.9%,142,0.04081632653061224,0.6723524561373269,95.47404877150042,101,0.7112676056338029,3.891514949647601,0.6319444359723534,0.7794612129094742
football_1x2::all_books_opening,development,odds_ratio,70-74.9%,122,0.03506754814601897,0.7239050758341213,88.31641925176281,79,0.6475409836065574,-7.636409222756391,0.5594468999792833,0.7266273424633031
football_1x2::all_books_opening,development,odds_ratio,75-79.9%,98,0.028169014084507043,0.7707283041972076,75.53137381132635,79,0.8061224489795918,3.539414478238423,0.7169317562014913,0.8722192702546226
football_1x2::all_books_opening,development,odds_ratio,80-84.9%,87,0.025007185972980742,0.826208989723642,71.88018210595685,77,0.8850574712643678,5.884848154072586,0.8011941795053155,0.9363545220434655
football_1x2::all_books_opening,development,odds_ratio,85-89.9%,49,0.014084507042253521,0.8721261892871103,42.7341832750684,40,0.8163265306122449,-5.579965867486536,0.6864239739710013,0.9002365893792968
football_1x2::all_books_opening,development,odds_ratio,90-94.9%,2,0.0005748778384593274,0.9185734677867501,1.8371469355735002,2,1.0,8.142653221324991,0.34238022750665303,1.0
football_1x2::all_books_opening,development,odds_ratio,95%+,0,0.0,,0.0,0,,,,
football_1x2::all_books_opening,development,shin,50-54.9%,382,0.10980166714573153,0.5241387994750425,200.22102139946622,202,0.5287958115183246,0.46570120432820605,0.47870108316465215,0.5783171545002217
football_1x2::all_books_opening,development,shin,55-59.9%,308,0.08853118712273642,0.5730522042892624,176.50007892109284,179,0.5811688311688312,0.8116626879568822,0.5254012796284858,0.6349366054913678
football_1x2::all_books_opening,development,shin,60-64.9%,236,0.06783558493820063,0.6227756251761186,146.97504754156398,144,0.6101694915254238,-1.260613365069485,0.5466564296276216,0.6701534591033976
football_1x2::all_books_opening,development,shin,65-69.9%,143,0.04110376544984191,0.6727243464540977,96.19958154293597,102,0.7132867132867133,4.05623668326156,0.634350324994648,0.7810636901608823
football_1x2::all_books_opening,development,shin,70-74.9%,123,0.03535498706524864,0.7243020216012253,89.08914865695071,79,0.6422764227642277,-8.202559883699756,0.5544397380665141,0.7214952781766905
football_1x2::all_books_opening,development,shin,75-79.9%,98,0.028169014084507043,0.7709026997017615,75.54846457077262,79,0.8061224489795918,3.5219749277830337,0.7169317562014913,0.8722192702546226
football_1x2::all_books_opening,development,shin,80-84.9%,88,0.025294624892210404,0.8259022590825821,72.67939879926722,77,0.875,4.909774091741792,0.7898824415232533,0.9287472584780776
football_1x2::all_books_opening,development,shin,85-89.9%,48,0.013797068123023858,0.8710391819165514,41.80988073199447,40,0.8333333333333334,-3.7705848583218016,0.7042217159874441,0.9130448642351444
football_1x2::all_books_opening,development,shin,90-94.9%,2,0.0005748778384593274,0.9159948955669661,1.8319897911339322,2,1.0,8.40051044330339,0.34238022750665303,1.0
football_1x2::all_books_opening,development,shin,95%+,0,0.0,,0.0,0,,,,
football_1x2::all_books_opening,validation,multiplicative,50-54.9%,280,0.1206896551724138,0.5238215714534858,146.67004000697602,158,0.5642857142857143,4.046414283222843,0.505724426970536,0.6211069392068117
football_1x2::all_books_opening,validation,multiplicative,55-59.9%,258,0.11120689655172414,0.5726693712114339,147.74869777254995,149,0.5775193798449613,0.48500086335273584,0.5165417639566793,0.6362224322869398
football_1x2::all_books_opening,validation,multiplicative,60-64.9%,148,0.06379310344827586,0.623587236226235,92.29091096148278,87,0.5878378378378378,-3.574939838839719,0.5072923822791064,0.6639388493089855
football_1x2::all_books_opening,validation,multiplicative,65-69.9%,120,0.05172413793103448,0.6767713413285938,81.21256095943126,91,0.7583333333333333,8.156199200473946,0.674498509525689,0.8261415878246474
football_1x2::all_books_opening,validation,multiplicative,70-74.9%,109,0.04698275862068965,0.7231489993741282,78.82324093177998,84,0.7706422018348624,4.7493202460734185,0.6833129325107635,0.8395445404128313
football_1x2::all_books_opening,validation,multiplicative,75-79.9%,79,0.03405172413793103,0.773056071280551,61.071429631163525,57,0.7215189873417721,-5.153708393877887,0.6141755025997595,0.8083182643890088
football_1x2::all_books_opening,validation,multiplicative,80-84.9%,50,0.021551724137931036,0.819230852413246,40.9615426206623,44,0.88,6.0769147586754,0.7619518261679701,0.9438239984906773
football_1x2::all_books_opening,validation,multiplicative,85-89.9%,25,0.010775862068965518,0.8687990966616145,21.719977416540363,25,1.0,13.120090333838553,0.8668077490609515,0.9999999999999999
football_1x2::all_books_opening,validation,multiplicative,90-94.9%,1,0.0004310344827586207,0.9039069046102206,0.9039069046102206,0,0.0,-90.39069046102206,0.0,0.7934506856227626
football_1x2::all_books_opening,validation,multiplicative,95%+,0,0.0,,0.0,0,,,,
football_1x2::all_books_opening,validation,additive,50-54.9%,280,0.1206896551724138,0.5237140899138847,146.6399451758877,147,0.525,0.12859100861153383,0.4665659533495129,0.5827573557194557
football_1x2::all_books_opening,validation,additive,55-59.9%,257,0.11077586206896552,0.574141758031383,147.55443181406542,156,0.6070038910505836,3.28621330192006,0.5461350721041693,0.6647209791104793
football_1x2::all_books_opening,validation,additive,60-64.9%,165,0.07112068965517242,0.6226867563740717,102.74331480172182,94,0.5696969696969697,-5.298978667710196,0.4934120975282137,0.6428103691612355
football_1x2::all_books_opening,validation,additive,65-69.9%,111,0.047844827586206895,0.674567097130333,74.87694778146697,76,0.6846846846846847,1.011758755435166,0.59330273871225,0.7637111865811816
football_1x2::all_books_opening,validation,additive,70-74.9%,117,0.05043103448275862,0.72349282826385,84.64866090687045,91,0.7777777777777778,5.428494951392782,0.6942988381182651,0.8435960254024386
football_1x2::all_books_opening,validation,additive,75-79.9%,90,0.03879310344827586,0.7746356095735755,69.7172048616218,65,0.7222222222222222,-5.241338735135326,0.6220477250293879,0.8042031080531336
football_1x2::all_books_opening,validation,additive,80-84.9%,63,0.027155172413793102,0.8243837852778816,51.93617847250654,55,0.873015873015873,4.863208773799144,0.7689296552173035,0.9342267514386327
football_1x2::all_books_opening,validation,additive,85-89.9%,33,0.014224137931034483,0.873347618455298,28.820471409024833,29,0.8787878787878788,0.5440260332580826,0.7267449482892476,0.9518383869058644
football_1x2::all_books_opening,validation,additive,90-94.9%,12,0.005172413793103448,0.908382334877362,10.900588018528344,11,0.9166666666666666,0.8284331789304655,0.646120088858883,0.9851349055950829
football_1x2::all_books_opening,validation,additive,95%+,0,0.0,,0.0,0,,,,
football_1x2::all_books_opening,validation,power,50-54.9%,278,0.11982758620689656,0.5235371829633543,145.5433368638125,148,0.5323741007194245,0.8836917756070206,0.4736801745002244,0.5901855182027483
football_1x2::all_books_opening,validation,power,55-59.9%,259,0.11163793103448276,0.5742701905032699,148.7359793403469,155,0.5984555984555985,2.4185407952328597,0.5377361537073542,0.6562971629118148
football_1x2::all_books_opening,validation,power,60-64.9%,162,0.06982758620689655,0.6227380339970393,100.88356150752037,93,0.5740740740740741,-4.866395992296524,0.4970807294954763,0.6476357977870563
football_1x2::all_books_opening,validation,power,65-69.9%,111,0.047844827586206895,0.6740050772778038,74.81456357783622,74,0.6666666666666666,-0.7338410611137158,0.5746946734715813,0.7474886249639546
football_1x2::all_books_opening,validation,power,70-74.9%,119,0.05129310344827586,0.7242044879034758,86.18033406051362,93,0.7815126050420168,5.7308117138541,0.6991078796953263,0.8463105860508087
football_1x2::all_books_opening,validation,power,75-79.9%,86,0.03706896551724138,0.7752334448905033,66.67007626058329,63,0.7325581395348837,-4.267530535561958,0.6305495916710698,0.8146791537774222
football_1x2::all_books_opening,validation,power,80-84.9%,65,0.028017241379310345,0.8241161045226616,53.567546793973,55,0.8461538461538461,2.203774163118455,0.7394468036002149,0.914229059330115
football_1x2::all_books_opening,validation,power,85-89.9%,34,0.014655172413793103,0.872401009270556,29.661634315198903,30,0.8823529411764706,0.995193190591459,0.7337915722962817,0.9532855333511766
football_1x2::all_books_opening,validation,power,90-94.9%,15,0.00646551724137931,0.9101491350000636,13.652237025000954,15,1.0,8.985086499993644,0.7961166989641515,1.0
football_1x2::all_books_opening,validation,power,95%+,1,0.0004310344827586207,0.9533522554948147,0.9533522554948147,0,0.0,-95.33522554948148,0.0,0.7934506856227626
football_1x2::all_books_opening,validation,odds_ratio,50-54.9%,275,0.11853448275862069,0.5238226389874128,144.05122572153851,150,0.5454545454545454,2.1631906467132644,0.4863813324179307,0.6032753495752443
football_1x2::all_books_opening,validation,odds_ratio,55-59.9%,260,0.11206896551724138,0.5737717170991664,149.18064644578325,157,0.6038461538461538,3.00744367469874,0.5432985606376064,0.6613698043773786
football_1x2::all_books_opening,validation,odds_ratio,60-64.9%,155,0.0668103448275862,0.6228724933212819,96.54523646479869,89,0.5741935483870968,-4.867894493418512,0.4954827130948689,0.6493157555842888
football_1x2::all_books_opening,validation,odds_ratio,65-69.9%,109,0.04698275862068965,0.6742587660653224,73.49420550112015,74,0.6788990825688074,0.46403165034849536,0.5864474147600425,0.7591702368335203
football_1x2::all_books_opening,validation,odds_ratio,70-74.9%,118,0.05086206896551724,0.7223160135324107,85.23328959682446,93,0.788135593220339,6.581957968792828,0.7059275475272522,0.8521747655784291
football_1x2::all_books_opening,validation,odds_ratio,75-79.9%,86,0.03706896551724138,0.7735629800643775,66.52641628553647,62,0.7209302325581395,-5.263274750623803,0.6182540858816528,0.8047132222944144
football_1x2::all_books_opening,validation,odds_ratio,80-84.9%,63,0.027155172413793102,0.82402601414705,51.91363889126415,53,0.8412698412698413,1.7243827122791267,0.7318842321822745,0.9114290760348585
football_1x2::all_books_opening,validation,odds_ratio,85-89.9%,33,0.014224137931034483,0.8787973090480402,29.000311198585326,32,0.9696969696969697,9.089966064892952,0.846812746178811,0.9946305894631283
football_1x2::all_books_opening,validation,odds_ratio,90-94.9%,5,0.0021551724137931034,0.9129263941030524,4.564631970515262,4,0.8,-11.292639410305238,0.37553462976252533,0.9637758913675698
football_1x2::all_books_opening,validation,odds_ratio,95%+,0,0.0,,0.0,0,,,,
football_1x2::all_books_opening,validation,shin,50-54.9%,276,0.11896551724137931,0.5235975679926624,144.51292876597483,146,0.5289855072463768,0.5387939253714391,0.47010306764948906,0.5870721631666562
football_1x2::all_books_opening,validation,shin,55-59.9%,264,0.11379310344827587,0.573963166483233,151.5262759515735,160,0.6060606060606061,3.20974395773731,0.5460027039914025,0.6630762050265216
football_1x2::all_books_opening,validation,shin,60-64.9%,157,0.06767241379310344,0.6232863522325663,97.85595730051291,92,0.5859872611464968,-3.7299091086069547,0.5077856659952211,0.6600815008283498
football_1x2::all_books_opening,validation,shin,65-69.9%,110,0.04741379310344827,0.6748531120329339,74.23384232362272,74,0.6727272727272727,-0.21258393056611258,0.5805088757294906,0.7532886738947798
football_1x2::all_books_opening,validation,shin,70-74.9%,117,0.05043103448275862,0.7225972565423424,84.54387901545407,92,0.7863247863247863,6.372752978244389,0.7035748148826341,0.8508706598233221
football_1x2::all_books_opening,validation,shin,75-79.9%,88,0.03793103448275862,0.7735943796303382,68.07630540746976,64,0.7272727272727273,-4.632165235761088,0.6261879505104914,0.8093452010054668
football_1x2::all_books_opening,validation,shin,80-84.9%,63,0.027155172413793102,0.8241326984088916,51.92035999976017,53,0.8412698412698413,1.7137142860949695,0.7318842321822745,0.9114290760348585
football_1x2::all_books_opening,validation,shin,85-89.9%,33,0.014224137931034483,0.8781256256169047,28.978145645357852,32,0.9696969696969697,9.157134408006506,0.846812746178811,0.9946305894631283
football_1x2::all_books_opening,validation,shin,90-94.9%,4,0.0017241379310344827,0.9119601727766142,3.647840691106457,3,0.75,-16.196017277661422,0.30064184258240184,0.9544127391902995
football_1x2::all_books_opening,validation,shin,95%+,0,0.0,,0.0,0,,,,
tennis_atp_winner::betfair_ltp_30min,development_2021_2023,multiplicative,50-54.9%,879,0.12317825112107623,0.5265225715944536,462.8133404315247,461,0.5244596131968146,-0.20629583976390364,0.491410518722488,0.5572958481686181
tennis_atp_winner::betfair_ltp_30min,development_2021_2023,multiplicative,55-59.9%,1160,0.1625560538116592,0.5745952641638556,666.5305064300726,627,0.5405172413793103,-3.4078022784545303,0.5117519280707855,0.569015086446165
tennis_atp_winner::betfair_ltp_30min,development_2021_2023,multiplicative,60-64.9%,1164,0.16311659192825112,0.6247784433441316,727.2421080525692,685,0.5884879725085911,-3.629047083554049,0.5599715553011263,0.6164222509335165
tennis_atp_winner::betfair_ltp_30min,development_2021_2023,multiplicative,65-69.9%,945,0.13242713004484305,0.6744852646575585,637.3885751013928,640,0.6772486772486772,0.27634125911186747,0.6467743091734004,0.7062878350718229
tennis_atp_winner::betfair_ltp_30min,development_2021_2023,multiplicative,70-74.9%,834,0.11687219730941704,0.7240127059390816,603.826596753194,609,0.7302158273381295,0.6203121399047884,0.6990878571592555,0.7592327427075739
tennis_atp_winner::betfair_ltp_30min,development_2021_2023,multiplicative,75-79.9%,676,0.09473094170403587,0.7739512832639639,523.1910674864396,526,0.7781065088757396,0.4155225611775726,0.7452609474359303,0.8078091766665904
tennis_atp_winner::betfair_ltp_30min,development_2021_2023,multiplicative,80-84.9%,630,0.0882847533632287,0.823847778593722,519.0241005140449,522,0.8285714285714286,0.4723649977706579,0.797172303540119,0.8559878743540119
tennis_atp_winner::betfair_ltp_30min,development_2021_2023,multiplicative,85-89.9%,390,0.054652466367713,0.8732272684457287,340.5586346938342,337,0.8641025641025641,-0.9124704343164591,0.8265218197293,0.8945805265051475
tennis_atp_winner::betfair_ltp_30min,development_2021_2023,multiplicative,90-94.9%,299,0.04190022421524664,0.923253799222377,276.05288596749074,286,0.9565217391304348,3.3267939908057764,0.9270440828347487,0.9744176954273794
tennis_atp_winner::betfair_ltp_30min,development_2021_2023,multiplicative,95%+,159,0.022281390134529146,0.9665674069509607,153.68421770520274,155,0.9748427672955975,0.8275360344636828,0.9371079543519492,0.9901743304761865
tennis_atp_winner::betfair_ltp_30min,development_2021_2023,additive,50-54.9%,879,0.12317825112107623,0.5265825142372199,462.8660300145163,461,0.5244596131968146,-0.2122901040405356,0.491410518722488,0.5572958481686181
tennis_atp_winner::betfair_ltp_30min,development_2021_2023,additive,55-59.9%,1162,0.16283632286995517,0.5747905309034562,667.9065969098161,629,0.5413080895008606,-3.3482441402595597,0.5125686843152473,0.569775273582003
tennis_atp_winner::betfair_ltp_30min,development_2021_2023,additive,60-64.9%,1161,0.16269618834080718,0.6250923674726131,725.7322386357038,679,0.5848406546080964,-4.025171286451668,0.5562624498277686,0.612859277861634
tennis_atp_winner::betfair_ltp_30min,development_2021_2023,additive,65-69.9%,933,0.13074551569506726,0.674419226788042,629.2331385932432,635,0.6806002143622722,0.6180987574230246,0.6499947140594486,0.7097246352787192
tennis_atp_winner::betfair_ltp_30min,development_2021_2023,additive,70-74.9%,842,0.11799327354260089,0.7238608351245891,609.490823174904,615,0.7304038004750594,0.6542965350470276,0.6994342252817716,0.7592805799028373
tennis_atp_winner::betfair_ltp_30min,development_2021_2023,additive,75-79.9%,676,0.09473094170403587,0.7739197289239055,523.1697367525601,524,0.7751479289940828,0.1228200070177321,0.7421723940840307,0.805014005293995
tennis_atp_winner::betfair_ltp_30min,development_2021_2023,additive,80-84.9%,624,0.08744394618834081,0.8236610918339503,513.964521304385,518,0.8301282051282052,0.6467113294254867,0.7986654000769161,0.857551219918011
tennis_atp_winner::betfair_ltp_30min,development_2021_2023,additive,85-89.9%,401,0.05619394618834081,0.8727057101554554,349.9549897723376,346,0.8628428927680798,-0.98628173873756,0.82571306831922,0.8930868313938305
tennis_atp_winner::betfair_ltp_30min,development_2021_2023,additive,90-94.9%,303,0.04246076233183856,0.9238069189546264,279.9134964432518,290,0.9570957095709571,3.328879061633072,0.9279886293504478,0.9747576979047219
tennis_atp_winner::betfair_ltp_30min,development_2021_2023,additive,95%+,155,0.02172085201793722,0.9667214822898087,149.84182975492035,151,0.9741935483870968,0.7472066097288121,0.9355314540311528,0.9899196283965077
tennis_atp_winner::betfair_ltp_30min,development_2021_2023,power,50-54.9%,880,0.12331838565022421,0.5266363218760679,463.43996325093974,461,0.5238636363636363,-0.2772685512431594,0.4908340015470362,0.5566858331256214
tennis_atp_winner::betfair_ltp_30min,development_2021_2023,power,55-59.9%,1160,0.1625560538116592,0.5748600390278672,666.837645272326,629,0.5422413793103448,-3.2618659717522425,0.5134785737685679,0.5707253349831465
tennis_atp_winner::betfair_ltp_30min,development_2021_2023,power,60-64.9%,1156,0.16199551569506726,0.6250773065920423,722.5893664204009,673,0.5821799307958477,-4.289737579619457,0.553522543153397,0.6102929495202212
tennis_atp_winner::betfair_ltp_30min,development_2021_2023,power,65-69.9%,938,0.13144618834080718,0.6743849668510602,632.5730989062945,641,0.6833688699360341,0.8983903084973877,0.6529042282838373,0.7123377100257502
tennis_atp_winner::betfair_ltp_30min,development_2021_2023,power,70-74.9%,843,0.11813340807174888,0.7240254261692782,610.3534342607015,615,0.7295373665480427,0.5511940378764457,0.6985605799567692,0.7584316893387536
tennis_atp_winner::betfair_ltp_30min,development_2021_2023,power,75-79.9%,673,0.09431053811659193,0.7739732846080242,520.8840205412002,522,0.7756315007429421,0.16582161349179003,0.7426004765585494,0.8055337950128434
tennis_atp_winner::betfair_ltp_30min,development_2021_2023,power,80-84.9%,638,0.08940582959641255,0.8242035400682527,525.8418585635452,530,0.8307210031347962,0.651746306654355,0.7996631286030838,0.8578201084183668
tennis_atp_winner::betfair_ltp_30min,development_2021_2023,power,85-89.9%,385,0.0539517937219731,0.8731372467010334,336.15783997989786,332,0.8623376623376623,-1.079958436337114,0.8243256070225184,0.8931904748432653
tennis_atp_winner::betfair_ltp_30min,development_2021_2023,power,90-94.9%,298,0.04176008968609866,0.9227615172721735,274.9829321471077,284,0.9530201342281879,3.0258616956014395,0.9226975448174012,0.9718117815518129
tennis_atp_winner::betfair_ltp_30min,development_2021_2023,power,95%+,165,0.02312219730941704,0.9659175797984376,159.3764006667422,161,0.9757575757575757,0.9839995959138093,0.9393332721343275,0.990533130919738
tennis_atp_winner::betfair_ltp_30min,development_2021_2023,odds_ratio,50-54.9%,879,0.12317825112107623,0.5265831273194609,462.8665689138061,461,0.5244596131968146,-0.21235141226463305,0.491410518722488,0.5572958481686181
tennis_atp_winner::betfair_ltp_30min,development_2021_2023,odds_ratio,55-59.9%,1162,0.16283632286995517,0.5747929464032161,667.9094037205371,629,0.5413080895008606,-3.3484856902355475,0.5125686843152473,0.569775273582003
tennis_atp_winner::betfair_ltp_30min,development_2021_2023,odds_ratio,60-64.9%,1161,0.16269618834080718,0.625097139281901,725.7377787062871,679,0.5848406546080964,-4.02564846738046,0.5562624498277686,0.612859277861634
tennis_atp_winner::betfair_ltp_30min,development_2021_2023,odds_ratio,65-69.9%,933,0.13074551569506726,0.6744276570891851,629.2410040642096,635,0.6806002143622722,0.6172557273087187,0.6499947140594486,0.7097246352787192
tennis_atp_winner::betfair_ltp_30min,development_2021_2023,odds_ratio,70-74.9%,842,0.11799327354260089,0.7238726197236749,609.5007458073343,615,0.7304038004750594,0.653118075138448,0.6994342252817716,0.7592805799028373
tennis_atp_winner::betfair_ltp_30min,development_2021_2023,odds_ratio,75-79.9%,676,0.09473094170403587,0.773934701919202,523.1798584973806,524,0.7751479289940828,0.12132270748808072,0.7421723940840307,0.805014005293995
tennis_atp_winner::betfair_ltp_30min,development_2021_2023,odds_ratio,80-84.9%,624,0.08744394618834081,0.8236807740463726,513.9768030049365,518,0.8301282051282052,0.6447431081832544,0.7986654000769161,0.857551219918011
tennis_atp_winner::betfair_ltp_30min,development_2021_2023,odds_ratio,85-89.9%,400,0.05605381165919283,0.8726983507252314,349.07934029009255,345,0.8625,-1.0198350725231342,0.8252880733424808,0.8928155132651543
tennis_atp_winner::betfair_ltp_30min,development_2021_2023,odds_ratio,90-94.9%,303,0.04246076233183856,0.9237867609719094,279.90738857448855,290,0.9570957095709571,3.330894859904776,0.9279886293504478,0.9747576979047219
tennis_atp_winner::betfair_ltp_30min,development_2021_2023,odds_ratio,95%+,156,0.021860986547085202,0.9668232528912123,150.82442745102912,152,0.9743589743589743,0.7535721467762047,0.9359329413759742,0.9899845339269909
tennis_atp_winner::betfair_ltp_30min,development_2021_2023,shin,50-54.9%,879,0.12317825112107623,0.5266004441760929,462.88179043078566,461,0.5244596131968146,-0.21408309792783076,0.491410518722488,0.5572958481686181
tennis_atp_winner::betfair_ltp_30min,development_2021_2023,shin,55-59.9%,1160,0.1625560538116592,0.5748209569433134,666.7923100542436,627,0.5405172413793103,-3.4303715564003023,0.5117519280707855,0.569015086446165
tennis_atp_winner::betfair_ltp_30min,development_2021_2023,shin,60-64.9%,1143,0.1601737668161435,0.6247100390128484,714.0435745916857,667,0.5835520559930009,-4.115798301984752,0.5547398459117254,0.6118045343345264
tennis_atp_winner::betfair_ltp_30min,development_2021_2023,shin,65-69.9%,953,0.1335482062780269,0.6741267110021364,642.442755585036,649,0.6810073452256034,0.6880634223466964,0.6507396097763339,0.709821689924467
tennis_atp_winner::betfair_ltp_30min,development_2021_2023,shin,70-74.9%,842,0.11799327354260089,0.7241525882630164,609.7364793174598,615,0.7304038004750594,0.6251212212042945,0.6994342252817716,0.7592805799028373
tennis_atp_winner::betfair_ltp_30min,development_2021_2023,shin,75-79.9%,676,0.09473094170403587,0.7744107520046737,523.5016683551594,524,0.7751479289940828,0.07371769894091162,0.7421723940840307,0.805014005293995
tennis_atp_winner::betfair_ltp_30min,development_2021_2023,shin,80-84.9%,624,0.08744394618834081,0.8241252612237512,514.2541630036208,518,0.8301282051282052,0.6002943904453995,0.7986654000769161,0.857551219918011
tennis_atp_winner::betfair_ltp_30min,development_2021_2023,shin,85-89.9%,400,0.05605381165919283,0.8734693721947518,349.3877488779007,345,0.8625,-1.0969372194751803,0.8252880733424808,0.8928155132651543
tennis_atp_winner::betfair_ltp_30min,development_2021_2023,shin,90-94.9%,298,0.04176008968609866,0.9240409845054818,275.3642133826336,285,0.9563758389261745,3.2334854420692727,0.9268040626600974,0.9743312587192591
tennis_atp_winner::betfair_ltp_30min,development_2021_2023,shin,95%+,161,0.02256165919282511,0.9671606753562894,155.71286873236258,157,0.9751552795031055,0.7994604146816187,0.9378676444810962,0.9902969149361153
