partition,model,threshold,side,n,mean_predicted_probability,occurred,actual_rate,calibration_error_pp,wilson95_low,wilson95_high
dev_pooled_common,naive,0.6,YES,0,,0,,,,
dev_pooled_common,naive,0.6,NO,0,,0,,,,
dev_pooled_common,naive,0.6,EITHER,0,,0,,,,
dev_pooled_common,naive,0.65,YES,0,,0,,,,
dev_pooled_common,naive,0.65,NO,0,,0,,,,
dev_pooled_common,naive,0.65,EITHER,0,,0,,,,
dev_pooled_common,naive,0.7,YES,0,,0,,,,
dev_pooled_common,naive,0.7,NO,0,,0,,,,
dev_pooled_common,naive,0.7,EITHER,0,,0,,,,
dev_pooled_common,naive,0.75,YES,0,,0,,,,
dev_pooled_common,naive,0.75,NO,0,,0,,,,
dev_pooled_common,naive,0.75,EITHER,0,,0,,,,
dev_pooled_common,naive,0.8,YES,0,,0,,,,
dev_pooled_common,naive,0.8,NO,0,,0,,,,
dev_pooled_common,naive,0.8,EITHER,0,,0,,,,
dev_pooled_common,data_logit,0.6,YES,114,0.6289930852159213,63,0.5526315789473685,-7.636150626855287,0.4611256858691398,0.640706047377298
dev_pooled_common,data_logit,0.6,NO,294,0.6300836884783474,170,0.5782312925170068,-5.185239596134061,0.5211286339089477,0.6333159494010366
dev_pooled_common,data_logit,0.6,EITHER,408,0.6297789610961996,233,0.571078431372549,-5.870052972365059,0.5226117305459849,0.6182191614338627
dev_pooled_common,data_logit,0.65,YES,17,0.6821160146474557,11,0.6470588235294118,-3.505719111804395,0.41300363485218694,0.8269027960275627
dev_pooled_common,data_logit,0.65,NO,64,0.6721465755863152,38,0.59375,-7.839657558631519,0.4714520812860451,0.7054309075028039
dev_pooled_common,data_logit,0.65,EITHER,81,0.674238926994209,49,0.6049382716049383,-6.930065538927066,0.49605477323606173,0.7043189619200981
dev_pooled_common,data_logit,0.7,YES,3,0.7205026949081667,0,0.0,-72.05026949081666,5.551115123125783e-17,0.5614970317550454
dev_pooled_common,data_logit,0.7,NO,5,0.7105634001924188,2,0.4,-31.05634001924188,0.11762077423264783,0.769275718723987
dev_pooled_common,data_logit,0.7,EITHER,8,0.7142906357108243,2,0.25,-46.42906357108243,0.071479212752109,0.5907245696898311
dev_pooled_common,data_logit,0.75,YES,1,0.7563448821811501,0,0.0,-75.63448821811501,0.0,0.7934506856227626
dev_pooled_common,data_logit,0.75,NO,0,,0,,,,
dev_pooled_common,data_logit,0.75,EITHER,1,0.7563448821811501,0,0.0,-75.63448821811501,0.0,0.7934506856227626
dev_pooled_common,data_logit,0.8,YES,0,,0,,,,
dev_pooled_common,data_logit,0.8,NO,0,,0,,,,
dev_pooled_common,data_logit,0.8,EITHER,0,,0,,,,
dev_pooled_common,poisson_goal,0.6,YES,268,0.6435960128408917,154,0.5746268656716418,-6.896914716924996,0.5147911365794566,0.6323534534088715
dev_pooled_common,poisson_goal,0.6,NO,586,0.6493914051940247,296,0.5051194539249146,-14.427195126911007,0.46473757193973575,0.5454346530035501
dev_pooled_common,poisson_goal,0.6,EITHER,854,0.6475727106382404,450,0.5269320843091335,-12.064062632910687,0.4934007118949882,0.5602222501652018
dev_pooled_common,poisson_goal,0.65,YES,84,0.6891894619318585,45,0.5357142857142857,-15.347517621757278,0.42984715937637186,0.6384577171654381
dev_pooled_common,poisson_goal,0.65,NO,237,0.687493354551534,121,0.510548523206751,-17.6944831344783,0.4472471395286594,0.5735134057050517
dev_pooled_common,poisson_goal,0.65,EITHER,321,0.6879371957351706,166,0.5171339563862928,-17.080323934887787,0.4625900087180183,0.5712726639837188
dev_pooled_common,poisson_goal,0.7,YES,28,0.7307298722392737,14,0.5,-23.072987223927367,0.32633127457293465,0.6736687254270654
dev_pooled_common,poisson_goal,0.7,NO,67,0.7322508935289659,31,0.4626865671641791,-26.956432636478677,0.3485844371949035,0.580835423953701
dev_pooled_common,poisson_goal,0.7,EITHER,95,0.7318025925172669,45,0.47368421052631576,-25.81183819909511,0.37626742136015695,0.5731465182998152
dev_pooled_common,poisson_goal,0.75,YES,7,0.7737836854970349,6,0.8571428571428571,8.335917164582218,0.4868721707256811,0.9743203756552565
dev_pooled_common,poisson_goal,0.75,NO,13,0.7700830007865747,7,0.5384615384615384,-23.162146232503623,0.29143795714506004,0.7679393219046169
dev_pooled_common,poisson_goal,0.75,EITHER,20,0.7713782404352358,13,0.65,-12.137824043523581,0.43285427668523624,0.818808175898918
dev_pooled_common,poisson_goal,0.8,YES,1,0.8000732995710298,1,1.0,19.99267004289702,0.20654931437723745,1.0
dev_pooled_common,poisson_goal,0.8,NO,1,0.8129257900135893,1,1.0,18.707420998641066,0.20654931437723745,1.0
dev_pooled_common,poisson_goal,0.8,EITHER,2,0.8064995447923096,2,1.0,19.350045520769044,0.34238022750665303,1.0
dev_pooled_common,market_implied_poisson,0.6,YES,169,0.6318621160615643,116,0.6863905325443787,5.452841648281437,0.6129561359666054,0.751539746154803
dev_pooled_common,market_implied_poisson,0.6,NO,69,0.6173397594287495,43,0.6231884057971014,0.5848646368351917,0.5052188643395578,0.7281647097298064
dev_pooled_common,market_implied_poisson,0.6,EITHER,238,0.6276518530041522,159,0.6680672268907563,4.0415373886604105,0.6059879927587606,0.7248072331305833
dev_pooled_common,market_implied_poisson,0.65,YES,33,0.6761265383843079,27,0.8181818181818182,14.205527979751032,0.6561176836533009,0.9138923179105933
dev_pooled_common,market_implied_poisson,0.65,NO,5,0.6602818465809067,4,0.8,13.971815341909332,0.37553462976252533,0.9637758913675698
dev_pooled_common,market_implied_poisson,0.65,EITHER,38,0.6740417105154393,31,0.8157894736842105,14.174776316877125,0.665811419288686,0.9077823481477872
dev_pooled_common,market_implied_poisson,0.7,YES,5,0.7090576151851251,2,0.4,-30.90576151851251,0.11762077423264783,0.769275718723987
dev_pooled_common,market_implied_poisson,0.7,NO,0,,0,,,,
dev_pooled_common,market_implied_poisson,0.7,EITHER,5,0.7090576151851251,2,0.4,-30.90576151851251,0.11762077423264783,0.769275718723987
dev_pooled_common,market_implied_poisson,0.75,YES,0,,0,,,,
dev_pooled_common,market_implied_poisson,0.75,NO,0,,0,,,,
dev_pooled_common,market_implied_poisson,0.75,EITHER,0,,0,,,,
dev_pooled_common,market_implied_poisson,0.8,YES,0,,0,,,,
dev_pooled_common,market_implied_poisson,0.8,NO,0,,0,,,,
dev_pooled_common,market_implied_poisson,0.8,EITHER,0,,0,,,,
dev_pooled_common,market_implied_poisson_recal,0.6,YES,76,0.6216637304651303,54,0.7105263157894737,8.886258532434333,0.600404448228802,0.8003898317437719
dev_pooled_common,market_implied_poisson_recal,0.6,NO,125,0.6192119886203046,70,0.56,-5.921198862030453,0.4724806077128607,0.6439415450421402
dev_pooled_common,market_implied_poisson_recal,0.6,EITHER,201,0.6201390153875024,124,0.6169154228855721,-0.32235925019302725,0.5481135932662352,0.6813321462368257
dev_pooled_common,market_implied_poisson_recal,0.65,YES,9,0.6609932096529882,5,0.5555555555555556,-10.543765409743266,0.26665129349549305,0.8112214789023355
dev_pooled_common,market_implied_poisson_recal,0.65,NO,6,0.6696517714885323,5,0.8333333333333334,16.36815618448011,0.43649717781352987,0.9699466302516935
dev_pooled_common,market_implied_poisson_recal,0.65,EITHER,15,0.6644566343872058,10,0.6666666666666666,0.22100322794608163,0.41713547738519774,0.8482367556028526
dev_pooled_common,market_implied_poisson_recal,0.7,YES,0,,0,,,,
dev_pooled_common,market_implied_poisson_recal,0.7,NO,0,,0,,,,
dev_pooled_common,market_implied_poisson_recal,0.7,EITHER,0,,0,,,,
dev_pooled_common,market_implied_poisson_recal,0.75,YES,0,,0,,,,
dev_pooled_common,market_implied_poisson_recal,0.75,NO,0,,0,,,,
dev_pooled_common,market_implied_poisson_recal,0.75,EITHER,0,,0,,,,
dev_pooled_common,market_implied_poisson_recal,0.8,YES,0,,0,,,,
dev_pooled_common,market_implied_poisson_recal,0.8,NO,0,,0,,,,
dev_pooled_common,market_implied_poisson_recal,0.8,EITHER,0,,0,,,,
dev_pooled_common,market_implied_plus_data,0.6,YES,225,0.6320112768292659,141,0.6266666666666667,-0.5344610162599239,0.5618360800575096,0.6872446603543999
dev_pooled_common,market_implied_plus_data,0.6,NO,474,0.6449128604667195,248,0.5232067510548524,-12.17061094118671,0.4782373442104417,0.5678030308844606
dev_pooled_common,market_implied_plus_data,0.6,EITHER,699,0.6407599901971528,389,0.5565092989985694,-8.425069119858343,0.5194710919503583,0.5929297902237739
dev_pooled_common,market_implied_plus_data,0.65,YES,46,0.6774408942487478,30,0.6521739130434783,-2.526698120526949,0.5077005884206276,0.7731900662924567
dev_pooled_common,market_implied_plus_data,0.65,NO,167,0.6884999573869716,93,0.5568862275449101,-13.161372984206142,0.4811070996931829,0.630107122727742
dev_pooled_common,market_implied_plus_data,0.65,EITHER,213,0.6861116151129886,123,0.5774647887323944,-10.86468263805942,0.5103318661678751,0.6418530535401576
dev_pooled_common,market_implied_plus_data,0.7,YES,7,0.7280328526842362,5,0.7142857142857143,-1.374713839852193,0.35893445183261935,0.9177810759959433
dev_pooled_common,market_implied_plus_data,0.7,NO,49,0.72831794333472,33,0.673469387755102,-5.484855557961799,0.5337920531457014,0.7879250299818812
dev_pooled_common,market_implied_plus_data,0.7,EITHER,56,0.7282823070034093,38,0.6785714285714286,-4.971087843198074,0.5482263990973855,0.7859900520744849
dev_pooled_common,market_implied_plus_data,0.75,YES,0,,0,,,,
dev_pooled_common,market_implied_plus_data,0.75,NO,11,0.7783634893298289,9,0.8181818181818182,3.9818328851989326,0.523019438039156,0.9486323102539149
dev_pooled_common,market_implied_plus_data,0.75,EITHER,11,0.7783634893298289,9,0.8181818181818182,3.9818328851989326,0.523019438039156,0.9486323102539149
dev_pooled_common,market_implied_plus_data,0.8,YES,0,,0,,,,
dev_pooled_common,market_implied_plus_data,0.8,NO,2,0.8076629158681543,2,1.0,19.23370841318457,0.34238022750665303,1.0
dev_pooled_common,market_implied_plus_data,0.8,EITHER,2,0.8076629158681543,2,1.0,19.23370841318457,0.34238022750665303,1.0
dev_pooled_common,market_implied_poisson_opening,0.6,YES,141,0.6315042444943711,93,0.6595744680851063,2.807022359073519,0.5780569849495958,0.7326275411963854
dev_pooled_common,market_implied_poisson_opening,0.6,NO,39,0.6204917011536276,26,0.6666666666666666,4.617496551303901,0.5097739439934599,0.7936704381040163
dev_pooled_common,market_implied_poisson_opening,0.6,EITHER,180,0.62911819343721,119,0.6611111111111111,3.199291767390111,0.5892403973636117,0.7262488310838685
dev_pooled_common,market_implied_poisson_opening,0.65,YES,33,0.6728908397124355,25,0.7575757575757576,8.46849178633221,0.5897538017044264,0.8716828662282499
dev_pooled_common,market_implied_poisson_opening,0.65,NO,3,0.6619927047670529,3,1.0,33.80072952329471,0.4385029682449546,1.0
dev_pooled_common,market_implied_poisson_opening,0.65,EITHER,36,0.6719826618003202,28,0.7777777777777778,10.57951159774576,0.6191529705388181,0.8828366802420353
dev_pooled_common,market_implied_poisson_opening,0.7,YES,3,0.710408670248921,1,0.3333333333333333,-37.707533691558766,0.06149194472039621,0.7923403991979522
dev_pooled_common,market_implied_poisson_opening,0.7,NO,0,,0,,,,
dev_pooled_common,market_implied_poisson_opening,0.7,EITHER,3,0.710408670248921,1,0.3333333333333333,-37.707533691558766,0.06149194472039621,0.7923403991979522
dev_pooled_common,market_implied_poisson_opening,0.75,YES,0,,0,,,,
dev_pooled_common,market_implied_poisson_opening,0.75,NO,0,,0,,,,
dev_pooled_common,market_implied_poisson_opening,0.75,EITHER,0,,0,,,,
dev_pooled_common,market_implied_poisson_opening,0.8,YES,0,,0,,,,
dev_pooled_common,market_implied_poisson_opening,0.8,NO,0,,0,,,,
dev_pooled_common,market_implied_poisson_opening,0.8,EITHER,0,,0,,,,
