date,sport,competition,event,market,selection,bookmaker,available_odds,estimated_probability,fair_odds,confidence,uncertainty,historical_statistical_support,current_context,expected_payout,ev_value_indicator,risk,recommended_stake,grade,reason,model_version,price_timestamp
2026-10-17,football,Premier League,Manchester City v Ipswich Town,1x2,away,Paddy Power,14.0,0.08348710787491895,11.977897252090802,High,0.009666881615782798,15,,0.0,0.16881951024886532,adequate,0.0,B,net EV/edge below Grade A thresholds; paper trade only,daily-engine-v1.1.0-odds-api,2026-09-21T13:45:42.606638+00:00
2026-10-10,football,Scottish Premiership,Rangers v Kilmarnock,1x2,away,Betfred (UK),15.0,0.07632093933463797,13.1025641025641,High,0.0047417921364344565,7,,0.0,0.14481409001956957,adequate,0.0,B,net EV/edge below Grade A thresholds; paper trade only,daily-engine-v1.1.0-odds-api,2026-09-21T13:45:42.606638+00:00
2026-10-10,football,Premier League,Arsenal v Leeds United,1x2,away,Betfair,10.0,0.10999917293854934,9.090977443609022,High,0.007677385310642422,19,,0.0,0.09999172938549339,adequate,0.0,B,net EV/edge below Grade A thresholds; paper trade only,daily-engine-v1.1.0-odds-api,2026-09-21T13:45:42.606638+00:00
2026-10-09,football,Championship,West Ham United v Queens Park Rangers,1x2,away,Betfair,6.6,0.1662953267116854,6.013398089855829,High,0.00765258721569226,14,,0.0,0.09754915629712346,adequate,0.0,B,net EV/edge below Grade A thresholds; paper trade only,daily-engine-v1.1.0-odds-api,2026-09-21T13:45:42.606638+00:00
2026-10-17,football,Premier League,Manchester City v Ipswich Town,1x2,draw,Paddy Power,7.5,0.14361467079098542,6.963076923076923,High,0.007660432077458901,15,,0.0,0.07711003093239066,adequate,0.0,B,net EV/edge below Grade A thresholds; paper trade only,daily-engine-v1.1.0-odds-api,2026-09-21T13:45:42.606638+00:00
2026-10-10,football,Premier League,Arsenal v Leeds United,1x2,draw,Betfair,5.7,0.18862690707350901,5.301470588235294,High,0.007147703658287645,19,,0.0,0.0751733703190014,adequate,0.0,B,net EV/edge below Grade A thresholds; paper trade only,daily-engine-v1.1.0-odds-api,2026-09-21T13:45:42.606638+00:00
2026-10-18,football,Premier League,Brighton and Hove Albion v Crystal Palace,1x2,away,Betfair,5.7,0.18367346938775514,5.444444444444444,High,0.008334873275035312,15,,0.0,0.04693877551020431,adequate,0.0,B,net EV/edge below Grade A thresholds; paper trade only,daily-engine-v1.1.0-odds-api,2026-09-21T13:45:42.606638+00:00
2026-10-11,football,Premier League,Liverpool v Manchester City,1x2,away,Betfair,2.42,0.41946833463643474,2.3839701770736252,High,0.004980577774144828,19,,0.0,0.015113369820172085,adequate,0.0,C,net EV 1.51% is below Grade B threshold; watchlist only,daily-engine-v1.1.0-odds-api,2026-09-21T13:45:42.606638+00:00
2026-10-11,football,Premier League,Crystal Palace v Nottingham Forest,1x2,away,Betfair,2.82,0.358695652173913,2.787878787878788,High,0.0043166171315223234,19,,0.0,0.01152173913043475,adequate,0.0,C,net EV 1.15% is below Grade B threshold; watchlist only,daily-engine-v1.1.0-odds-api,2026-09-21T13:45:42.606638+00:00
2026-10-11,football,Championship,Southampton v Portsmouth,1x2,away,Betfair,5.8,0.17424126483211508,5.739168623250754,High,0.005725403246639177,14,,0.0,0.010599336026267503,adequate,0.0,C,net EV 1.06% is below Grade B threshold; watchlist only,daily-engine-v1.1.0-odds-api,2026-09-21T13:45:42.606638+00:00
2026-10-18,football,Premier League,Nottingham Forest v Arsenal,1x2,home,Betfred (UK),6.0,0.167823431426985,5.9586435070306045,High,0.010621559601317016,15,,0.0,0.006940588561909933,adequate,0.0,C,net EV 0.69% is below Grade B threshold; watchlist only,daily-engine-v1.1.0-odds-api,2026-09-21T13:45:42.606638+00:00
2026-10-10,football,Premier League,Ipswich Town v Fulham,1x2,away,Betfair,2.7,0.37268128161888703,2.683257918552036,High,0.004026193238835637,19,,0.0,0.006239460370994987,adequate,0.0,C,net EV 0.62% is below Grade B threshold; watchlist only,daily-engine-v1.1.0-odds-api,2026-09-21T13:45:42.606638+00:00
2026-10-11,football,Scottish Premiership,Motherwell v Celtic,1x2,home,Unibet (UK),5.5,0.1819464033850494,5.496124031007751,High,0.01459084503757291,7,,0.0,0.0007052186177716191,adequate,0.0,C,net EV 0.07% is below Grade B threshold; watchlist only,daily-engine-v1.1.0-odds-api,2026-09-21T13:45:42.606638+00:00
2026-10-10,football,Premier League,Aston Villa v Brentford,1x2,home,Betfair,2.78,0.3593429158110883,2.782857142857143,High,0.008123775090186818,19,,0.0,-0.0010266940451745254,adequate,0.0,Reject,net EV -0.10% is below the minimum Grade C floor,daily-engine-v1.1.0-odds-api,2026-09-21T13:45:42.606638+00:00
2026-10-10,football,Championship,Bolton Wanderers v Stoke City,1x2,draw,Betfred (UK),3.6,0.27704254026261255,3.609553966160164,High,0.008844504819328617,14,,0.0,-0.002646855054594832,adequate,0.0,Reject,net EV -0.26% is below the minimum Grade C floor,daily-engine-v1.1.0-odds-api,2026-09-21T13:45:42.606638+00:00
2026-10-10,football,Scottish Premiership,Rangers v Kilmarnock,1x2,draw,Betfred (UK),7.5,0.13295454545454546,7.52136752136752,High,0.004254862760970503,7,,0.0,-0.0028409090909090606,adequate,0.0,Reject,net EV -0.28% is below the minimum Grade C floor,daily-engine-v1.1.0-odds-api,2026-09-21T13:45:42.606638+00:00
2026-10-12,football,Premier League,Coventry City v Newcastle United,1x2,draw,Paddy Power,3.8,0.2621286197818729,3.814921090387374,High,0.007140326185200932,19,,0.0,-0.003911244828883054,adequate,0.0,Reject,net EV -0.39% is below the minimum Grade C floor,daily-engine-v1.1.0-odds-api,2026-09-21T13:45:42.606638+00:00
2026-10-10,football,Premier League,Manchester United v Tottenham Hotspur,1x2,home,Betfair,1.8,0.5531736565552368,1.8077505827505829,High,0.005017457944992889,19,,0.0,-0.004287418200573823,adequate,0.0,Reject,net EV -0.43% is below the minimum Grade C floor,daily-engine-v1.1.0-odds-api,2026-09-21T13:45:42.606638+00:00
2026-10-10,football,Premier League,Sunderland v Brighton and Hove Albion,1x2,home,Betfair,2.94,0.33844877644131066,2.954656862745098,High,0.006029832382398224,19,,0.0,-0.004960597262546718,adequate,0.0,Reject,net EV -0.50% is below the minimum Grade C floor,daily-engine-v1.1.0-odds-api,2026-09-21T13:45:42.606638+00:00
2026-10-10,football,Premier League,Sunderland v Brighton and Hove Albion,1x2,draw,Betfair,3.6,0.27625540841746427,3.61983863312767,High,0.0046527878428851074,19,,0.0,-0.005480529697128644,adequate,0.0,Reject,net EV -0.55% is below the minimum Grade C floor,daily-engine-v1.1.0-odds-api,2026-09-21T13:45:42.606638+00:00
2026-10-10,football,Premier League,Sunderland v Brighton and Hove Albion,1x2,away,Betfair,2.58,0.3853904282115869,2.594771241830065,High,0.0041034339811066335,19,,0.0,-0.0056926952141056475,adequate,0.0,Reject,net EV -0.57% is below the minimum Grade C floor,daily-engine-v1.1.0-odds-api,2026-09-21T13:45:42.606638+00:00
2026-10-17,football,Premier League,Brentford v Liverpool,1x2,draw,Betfair,3.9,0.25486096592097013,3.923707957342083,High,0.006544491085107001,15,,0.0,-0.006042232908216483,adequate,0.0,Reject,net EV -0.60% is below the minimum Grade C floor,daily-engine-v1.1.0-odds-api,2026-09-21T13:45:42.606638+00:00
2026-10-10,football,Championship,Sheffield United v Lincoln City,1x2,away,Betfair,3.8,0.26133815791451653,3.826459970407762,High,0.004198295704852006,14,,0.0,-0.00691499992483724,adequate,0.0,Reject,net EV -0.69% is below the minimum Grade C floor,daily-engine-v1.1.0-odds-api,2026-09-21T13:45:42.606638+00:00
2026-10-17,football,Premier League,Fulham v Hull City,1x2,draw,Betfred (UK),4.2,0.23629399090256165,4.232016210739615,High,0.004641754588507271,15,,0.0,-0.007565238209241043,adequate,0.0,Reject,net EV -0.76% is below the minimum Grade C floor,daily-engine-v1.1.0-odds-api,2026-09-21T13:45:42.606638+00:00
2026-10-10,football,Scottish Premiership,Falkirk F.C. v Dundee FC,1x2,draw,Betfred (UK),3.75,0.26439851370181144,3.7821695212999558,High,0.009253665206924097,7,,0.0,-0.00850557361820714,adequate,0.0,Reject,net EV -0.85% is below the minimum Grade C floor,daily-engine-v1.1.0-odds-api,2026-09-21T13:45:42.606638+00:00
2026-10-19,football,Premier League,Tottenham Hotspur v Coventry City,1x2,away,Grosvenor,6.25,0.1586206896551724,6.304347826086957,High,0.0067450069498557,15,,0.0,-0.008620689655172487,adequate,0.0,Reject,net EV -0.86% is below the minimum Grade C floor,daily-engine-v1.1.0-odds-api,2026-09-21T13:45:42.606638+00:00
2026-10-10,football,Premier League,Ipswich Town v Fulham,1x2,home,Betfair,2.78,0.3565436241610737,2.804705882352942,High,0.003949507734184286,19,,0.0,-0.008808724832215065,adequate,0.0,Reject,net EV -0.88% is below the minimum Grade C floor,daily-engine-v1.1.0-odds-api,2026-09-21T13:45:42.606638+00:00
2026-10-10,football,Championship,Derby County v Wrexham AFC,1x2,draw,Betfred (UK),3.4,0.29137432858126766,3.432011340426267,High,0.010351912776023674,14,,0.0,-0.009327282823689997,adequate,0.0,Reject,net EV -0.93% is below the minimum Grade C floor,daily-engine-v1.1.0-odds-api,2026-09-21T13:45:42.606638+00:00
2026-10-10,football,Premier League,Manchester United v Tottenham Hotspur,1x2,draw,Betfair,4.3,0.23017902813299235,4.344444444444444,High,0.004061202332612297,19,,0.0,-0.010230179028133057,adequate,0.0,Reject,net EV -1.02% is below the minimum Grade C floor,daily-engine-v1.1.0-odds-api,2026-09-21T13:45:42.606638+00:00
2026-10-10,football,Premier League,Ipswich Town v Fulham,1x2,draw,Betfair,3.65,0.27076029249724526,3.693303736588976,High,0.005904707314041093,19,,0.0,-0.011724932385054898,adequate,0.0,Reject,net EV -1.17% is below the minimum Grade C floor,daily-engine-v1.1.0-odds-api,2026-09-21T13:45:42.606638+00:00
2026-10-18,football,Premier League,Bournemouth v Sunderland,1x2,draw,Betfred (UK),3.75,0.2635135135135135,3.794871794871795,High,0.006773155315006217,15,,0.0,-0.011824324324324453,adequate,0.0,Reject,net EV -1.18% is below the minimum Grade C floor,daily-engine-v1.1.0-odds-api,2026-09-21T13:45:42.606638+00:00
2026-10-11,football,Scottish Premiership,Aberdeen v St Johnstone,1x2,home,BoyleSports,2.2,0.4491678363745739,2.2263392857142854,Medium,0.01615702194972783,3,,0.0,-0.0118307599759373,adequate,0.0,Reject,net EV -1.18% is below the minimum Grade C floor,daily-engine-v1.1.0-odds-api,2026-09-21T13:45:42.606638+00:00
2026-10-11,football,Premier League,Hull City v Everton,1x2,home,Betfair,3.8,0.25994236311239194,3.8470066518847004,High,0.006545190181746915,19,,0.0,-0.012219020172910655,adequate,0.0,Reject,net EV -1.22% is below the minimum Grade C floor,daily-engine-v1.1.0-odds-api,2026-09-21T13:45:42.606638+00:00
2026-10-10,football,Championship,Watford v Burnley,1x2,draw,Betfred (UK),3.6,0.27434936699309337,3.6449874514387877,High,0.005002580600589397,14,,0.0,-0.012342278824863828,adequate,0.0,Reject,net EV -1.23% is below the minimum Grade C floor,daily-engine-v1.1.0-odds-api,2026-09-21T13:45:42.606638+00:00
2026-10-11,football,Premier League,Crystal Palace v Nottingham Forest,1x2,home,Betfair,2.78,0.3551557166273177,2.8156663491055363,High,0.006073189604171164,19,,0.0,-0.01266710777605684,adequate,0.0,Reject,net EV -1.27% is below the minimum Grade C floor,daily-engine-v1.1.0-odds-api,2026-09-21T13:45:42.606638+00:00
2026-10-10,football,Premier League,Aston Villa v Brentford,1x2,away,Betfair,2.66,0.37113402061855666,2.6944444444444446,High,0.004533097362571047,19,,0.0,-0.012783505154639219,adequate,0.0,Reject,net EV -1.28% is below the minimum Grade C floor,daily-engine-v1.1.0-odds-api,2026-09-21T13:45:42.606638+00:00
2026-10-12,football,Premier League,Coventry City v Newcastle United,1x2,away,Betfair,2.2,0.4483208346918813,2.230545454545455,High,0.00824929460140251,19,,0.0,-0.013694163677861138,adequate,0.0,Reject,net EV -1.37% is below the minimum Grade C floor,daily-engine-v1.1.0-odds-api,2026-09-21T13:45:42.606638+00:00
2026-10-10,football,Championship,Middlesbrough v Wolverhampton Wanderers,1x2,draw,Betfair,3.9,0.25267582300236435,3.9576402210457737,High,0.004139491897174883,14,,0.0,-0.014564290290779103,adequate,0.0,Reject,net EV -1.46% is below the minimum Grade C floor,daily-engine-v1.1.0-odds-api,2026-09-21T13:45:42.606638+00:00
2026-10-10,football,Championship,Blackburn Rovers v Cardiff City,1x2,draw,Betfred (UK),3.75,0.2626746932632086,3.8069902645625913,High,0.007300504381821345,14,,0.0,-0.01496990026296785,adequate,0.0,Reject,net EV -1.50% is below the minimum Grade C floor,daily-engine-v1.1.0-odds-api,2026-09-21T13:45:42.606638+00:00
2026-10-12,football,Premier League,Coventry City v Newcastle United,1x2,home,Coral,3.4,0.2896844088553933,3.4520325203252034,High,0.006522227223844763,19,,0.0,-0.015073009891662714,adequate,0.0,Reject,net EV -1.51% is below the minimum Grade C floor,daily-engine-v1.1.0-odds-api,2026-09-21T13:45:42.606638+00:00
2026-10-18,football,Premier League,Brighton and Hove Albion v Crystal Palace,1x2,home,Casumo,1.63,0.6042152736690519,1.6550392609699769,High,0.012166230766550068,15,,0.0,-0.015129103919445441,adequate,0.0,Reject,net EV -1.51% is below the minimum Grade C floor,daily-engine-v1.1.0-odds-api,2026-09-21T13:45:42.606638+00:00
2026-10-10,football,Premier League,Chelsea v Bournemouth,1x2,draw,Betfair,4.3,0.229000884173298,4.366795366795366,High,0.005162934644853983,19,,0.0,-0.015296198054818633,adequate,0.0,Reject,net EV -1.53% is below the minimum Grade C floor,daily-engine-v1.1.0-odds-api,2026-09-21T13:45:42.606638+00:00
2026-10-09,football,Championship,West Ham United v Queens Park Rangers,1x2,draw,Betfred (UK),4.6,0.21395228215767634,4.673939393939394,High,0.004890525560950161,14,,0.0,-0.01581950207468885,adequate,0.0,Reject,net EV -1.58% is below the minimum Grade C floor,daily-engine-v1.1.0-odds-api,2026-09-21T13:45:42.606638+00:00
2026-10-18,football,Premier League,Bournemouth v Sunderland,1x2,home,Betfair,2.06,0.47730634039529035,2.0950905432595572,High,0.00907489426188793,15,,0.0,-0.016748938785701828,adequate,0.0,Reject,net EV -1.67% is below the minimum Grade C floor,daily-engine-v1.1.0-odds-api,2026-09-21T13:45:42.606638+00:00
2026-10-10,football,Championship,Preston North End v Millwall,1x2,draw,Betfred (UK),3.5,0.2806349206349206,3.563348416289593,High,0.010613721096127751,14,,0.0,-0.017777777777777892,adequate,0.0,Reject,net EV -1.78% is below the minimum Grade C floor,daily-engine-v1.1.0-odds-api,2026-09-21T13:45:42.606638+00:00
2026-10-11,football,Premier League,Hull City v Everton,1x2,away,Betfair,2.16,0.4545292502941071,2.200078431372549,High,0.0052226996425878995,19,,0.0,-0.01821681936472852,adequate,0.0,Reject,net EV -1.82% is below the minimum Grade C floor,daily-engine-v1.1.0-odds-api,2026-09-21T13:45:42.606638+00:00
2026-10-11,football,Premier League,Liverpool v Manchester City,1x2,draw,Betfair,3.85,0.25496688741721857,3.922077922077922,High,0.004556889641567766,19,,0.0,-0.018377483443708487,adequate,0.0,Reject,net EV -1.84% is below the minimum Grade C floor,daily-engine-v1.1.0-odds-api,2026-09-21T13:45:42.606638+00:00
2026-10-17,football,Premier League,Fulham v Hull City,1x2,home,Betfair,1.74,0.5639130061033267,1.7733231707317074,High,0.010398286859540154,15,,0.0,-0.018791369380211476,adequate,0.0,Reject,net EV -1.88% is below the minimum Grade C floor,daily-engine-v1.1.0-odds-api,2026-09-21T13:45:42.606638+00:00
2026-10-11,football,Championship,Southampton v Portsmouth,1x2,draw,Betfred (UK),4.33,0.2264204825871986,4.416561560921866,High,0.00345594138481351,14,,0.0,-0.019599310397430014,adequate,0.0,Reject,net EV -1.96% is below the minimum Grade C floor,daily-engine-v1.1.0-odds-api,2026-09-21T13:45:42.606638+00:00
2026-10-10,football,Scottish Premiership,Dundee United v Hibernian,1x2,draw,Betfred (UK),3.75,0.2612137203166227,3.828282828282828,High,0.007259889503290515,7,,0.0,-0.02044854881266489,adequate,0.0,Reject,net EV -2.04% is below the minimum Grade C floor,daily-engine-v1.1.0-odds-api,2026-09-21T13:45:42.606638+00:00
2026-10-17,football,Premier League,Fulham v Hull City,1x2,away,Betfred (UK),5.0,0.19588559054407653,5.105020727775218,High,0.00740140012213982,15,,0.0,-0.020572047279617367,adequate,0.0,Reject,net EV -2.06% is below the minimum Grade C floor,daily-engine-v1.1.0-odds-api,2026-09-21T13:45:42.606638+00:00
2026-10-10,football,Premier League,Manchester United v Tottenham Hotspur,1x2,away,William Hill,4.5,0.21764974851394608,4.594537815126049,High,0.0038456724542466716,19,,0.0,-0.020576131687242594,adequate,0.0,Reject,net EV -2.06% is below the minimum Grade C floor,daily-engine-v1.1.0-odds-api,2026-09-21T13:45:42.606638+00:00
2026-10-11,football,Premier League,Hull City v Everton,1x2,draw,Betfair,3.45,0.28357348703170027,3.5264227642276427,High,0.005847054518631613,19,,0.0,-0.021671469740634053,adequate,0.0,Reject,net EV -2.17% is below the minimum Grade C floor,daily-engine-v1.1.0-odds-api,2026-09-21T13:45:42.606638+00:00
2026-10-10,football,Premier League,Chelsea v Bournemouth,1x2,home,Betfair,1.86,0.5259254264715798,1.9014102564102564,High,0.0053728451479377794,19,,0.0,-0.021778706762861533,adequate,0.0,Reject,net EV -2.18% is below the minimum Grade C floor,daily-engine-v1.1.0-odds-api,2026-09-21T13:45:42.606638+00:00
2026-10-10,football,Championship,West Bromwich Albion v Birmingham City,1x2,draw,Betfred (UK),3.6,0.27166187659178265,3.6810464999572505,High,0.004770504476780736,14,,0.0,-0.022017244269582403,adequate,0.0,Reject,net EV -2.20% is below the minimum Grade C floor,daily-engine-v1.1.0-odds-api,2026-09-21T13:45:42.606638+00:00
2026-10-10,football,Premier League,Aston Villa v Brentford,1x2,draw,Betfair,3.65,0.267885282067444,3.732941176470589,High,0.006764573255829328,19,,0.0,-0.022218720453829444,adequate,0.0,Reject,net EV -2.22% is below the minimum Grade C floor,daily-engine-v1.1.0-odds-api,2026-09-21T13:45:42.606638+00:00
2026-10-18,football,Premier League,Bournemouth v Sunderland,1x2,away,Betfred (UK),3.75,0.26064291920069504,3.836666666666667,High,0.004201387484945634,15,,0.0,-0.022589052997393555,adequate,0.0,Reject,net EV -2.26% is below the minimum Grade C floor,daily-engine-v1.1.0-odds-api,2026-09-21T13:45:42.606638+00:00
2026-10-17,football,Premier League,Newcastle United v Aston Villa,1x2,away,Betfair,3.3,0.2961500493583416,3.376666666666666,High,0.006829673741551718,15,,0.0,-0.022704837117472843,adequate,0.0,Reject,net EV -2.27% is below the minimum Grade C floor,daily-engine-v1.1.0-odds-api,2026-09-21T13:45:42.606638+00:00
2026-10-10,football,Premier League,Chelsea v Bournemouth,1x2,away,Betfair,4.0,0.24418604651162792,4.095238095238095,High,0.0031606284194257584,19,,0.0,-0.023255813953488302,adequate,0.0,Reject,net EV -2.33% is below the minimum Grade C floor,daily-engine-v1.1.0-odds-api,2026-09-21T13:45:42.606638+00:00
2026-10-10,football,Championship,Swansea City v Norwich City,1x2,draw,Betfred (UK),3.6,0.27124862658923243,3.6866546112115737,High,0.008412892962394607,14,,0.0,-0.023504944278763262,adequate,0.0,Reject,net EV -2.35% is below the minimum Grade C floor,daily-engine-v1.1.0-odds-api,2026-09-21T13:45:42.606638+00:00
2026-10-10,football,Scottish Premiership,Hearts v St Mirren,1x2,away,William Hill,6.0,0.1625806451612903,6.150793650793651,High,0.005134321851663677,7,,0.0,-0.024516129032258083,adequate,0.0,Reject,net EV -2.45% is below the minimum Grade C floor,daily-engine-v1.1.0-odds-api,2026-09-21T13:45:42.606638+00:00
2026-10-19,football,Premier League,Tottenham Hotspur v Coventry City,1x2,draw,Grosvenor,4.7,0.20754716981132074,4.818181818181818,High,0.005114521280050044,15,,0.0,-0.02452830188679256,adequate,0.0,Reject,net EV -2.45% is below the minimum Grade C floor,daily-engine-v1.1.0-odds-api,2026-09-21T13:45:42.606638+00:00
2026-10-10,football,Championship,Charlton Athletic v Bristol City,1x2,draw,Betfred (UK),3.4,0.2866543200030237,3.488522342832481,High,0.009981277490565175,14,,0.0,-0.02537531198971943,adequate,0.0,Reject,net EV -2.54% is below the minimum Grade C floor,daily-engine-v1.1.0-odds-api,2026-09-21T13:45:42.606638+00:00
2026-10-17,football,Premier League,Everton v Chelsea,1x2,home,Betfair,3.0,0.32461985306680335,3.0805263157894736,High,0.005981060663365008,15,,0.0,-0.02614044079958988,adequate,0.0,Reject,net EV -2.61% is below the minimum Grade C floor,daily-engine-v1.1.0-odds-api,2026-09-21T13:45:42.606638+00:00
2026-10-17,football,Premier League,Newcastle United v Aston Villa,1x2,home,Betfred (UK),2.15,0.45290737313723584,2.207956989247312,High,0.005741565886263685,15,,0.0,-0.026249147754943025,adequate,0.0,Reject,net EV -2.62% is below the minimum Grade C floor,daily-engine-v1.1.0-odds-api,2026-09-21T13:45:42.606638+00:00
2026-10-17,football,Premier League,Newcastle United v Aston Villa,1x2,draw,Betfair,3.85,0.25265878143325715,3.957907159716758,High,0.004129192727159235,15,,0.0,-0.02726369148195995,adequate,0.0,Reject,net EV -2.73% is below the minimum Grade C floor,daily-engine-v1.1.0-odds-api,2026-09-21T13:45:42.606638+00:00
2026-10-10,football,Championship,Charlton Athletic v Bristol City,1x2,home,Betfair,3.25,0.29924591673959655,3.3417331500974123,High,0.0070274747171121844,14,,0.0,-0.02745077059631118,adequate,0.0,Reject,net EV -2.75% is below the minimum Grade C floor,daily-engine-v1.1.0-odds-api,2026-09-21T13:45:42.606638+00:00
2026-10-18,football,Premier League,Leeds United v Manchester United,1x2,home,Betfair,2.88,0.3373493975903614,2.9642857142857144,High,0.005749569665578319,15,,0.0,-0.028433734939759092,adequate,0.0,Reject,net EV -2.84% is below the minimum Grade C floor,daily-engine-v1.1.0-odds-api,2026-09-21T13:45:42.606638+00:00
2026-10-11,football,Scottish Premiership,Motherwell v Celtic,1x2,away,William Hill,1.6,0.6064880112834978,1.6488372093023258,Medium,0.020151274143240888,7,,0.0,-0.029619181946403395,adequate,0.0,Reject,net EV -2.96% is below the minimum Grade C floor,daily-engine-v1.1.0-odds-api,2026-09-21T13:45:42.606638+00:00
2026-10-18,football,Premier League,Nottingham Forest v Arsenal,1x2,draw,Casumo,4.1,0.23667406996113272,4.225219941348973,High,0.0038959603467583637,15,,0.0,-0.029636313159355998,adequate,0.0,Reject,net EV -2.96% is below the minimum Grade C floor,daily-engine-v1.1.0-odds-api,2026-09-21T13:45:42.606638+00:00
2026-10-18,football,Premier League,Leeds United v Manchester United,1x2,draw,Paddy Power,3.75,0.25876010781671155,3.864583333333334,High,0.006371597546427015,15,,0.0,-0.02964959568733172,adequate,0.0,Reject,net EV -2.96% is below the minimum Grade C floor,daily-engine-v1.1.0-odds-api,2026-09-21T13:45:42.606638+00:00
2026-10-18,football,Premier League,Brighton and Hove Albion v Crystal Palace,1x2,draw,Betfred (UK),4.5,0.21562993822726617,4.637574950033311,High,0.005495548210114087,15,,0.0,-0.02966527797730223,adequate,0.0,Reject,net EV -2.97% is below the minimum Grade C floor,daily-engine-v1.1.0-odds-api,2026-09-21T13:45:42.606638+00:00
2026-10-10,football,Premier League,Aston Villa v Brentford,over_under_2_5,over,William Hill,1.73,0.5608198924731183,1.7831036548831636,Medium,0.011048150290136734,4,,0.0,-0.029781586021505435,adequate,0.0,Reject,net EV -2.98% is below the minimum Grade C floor,daily-engine-v1.1.0-odds-api,2026-09-21T13:45:42.606638+00:00
2026-10-17,football,Premier League,Everton v Chelsea,1x2,away,Betfair,2.32,0.4181217067878913,2.3916481344205587,High,0.005437439042559023,15,,0.0,-0.029957640252092244,adequate,0.0,Reject,net EV -3.00% is below the minimum Grade C floor,daily-engine-v1.1.0-odds-api,2026-09-21T13:45:42.606638+00:00
2026-10-17,football,Premier League,Everton v Chelsea,1x2,draw,Betfred (UK),3.75,0.25863991081382387,3.8663793103448274,High,0.00535692258517786,15,,0.0,-0.030100334448160515,adequate,0.0,Reject,net EV -3.01% is below the minimum Grade C floor,daily-engine-v1.1.0-odds-api,2026-09-21T13:45:42.606638+00:00
2026-10-10,football,Championship,Bolton Wanderers v Stoke City,over_under_2_5,over,William Hill,1.85,0.5241935483870968,1.9076923076923078,Medium,0.01047611375545691,4,,0.0,-0.03024193548387094,adequate,0.0,Reject,net EV -3.02% is below the minimum Grade C floor,daily-engine-v1.1.0-odds-api,2026-09-21T13:45:42.606638+00:00
2026-10-10,football,Championship,Preston North End v Millwall,over_under_2_5,over,William Hill,1.91,0.5067385444743935,1.973404255319149,Medium,0.008318049680920965,4,,0.0,-0.032129380053908474,adequate,0.0,Reject,net EV -3.21% is below the minimum Grade C floor,daily-engine-v1.1.0-odds-api,2026-09-21T13:45:42.606638+00:00
2026-10-17,football,Premier League,Manchester City v Ipswich Town,1x2,home,Betfair,1.25,0.774275597227071,1.2915297906602254,High,0.01457788921908352,15,,0.0,-0.032155503466161306,adequate,0.0,Reject,net EV -3.22% is below the minimum Grade C floor,daily-engine-v1.1.0-odds-api,2026-09-21T13:45:42.606638+00:00
2026-10-10,football,Championship,Middlesbrough v Wolverhampton Wanderers,1x2,home,Betfair,2.24,0.4309392475657885,2.32051270718232,High,0.0035658756595857133,14,,0.0,-0.034696085452633696,adequate,0.0,Reject,net EV -3.47% is below the minimum Grade C floor,daily-engine-v1.1.0-odds-api,2026-09-21T13:45:42.606638+00:00
2026-10-10,football,Championship,Watford v Burnley,over_under_2_5,over,William Hill,1.85,0.521505376344086,1.9175257731958764,Medium,0.011001818241764032,4,,0.0,-0.03521505376344086,adequate,0.0,Reject,net EV -3.52% is below the minimum Grade C floor,daily-engine-v1.1.0-odds-api,2026-09-21T13:45:42.606638+00:00
2026-10-18,football,Premier League,Nottingham Forest v Arsenal,1x2,away,Betfair,1.62,0.5955024986118822,1.6792540792540795,High,0.011253182646184644,15,,0.0,-0.03528595224875075,adequate,0.0,Reject,net EV -3.53% is below the minimum Grade C floor,daily-engine-v1.1.0-odds-api,2026-09-21T13:45:42.606638+00:00
2026-10-11,football,Premier League,Crystal Palace v Nottingham Forest,1x2,draw,Betfred (UK),3.4,0.28372739916550765,3.5245098039215685,High,0.006752921730392138,19,,0.0,-0.03532684283727405,adequate,0.0,Reject,net EV -3.53% is below the minimum Grade C floor,daily-engine-v1.1.0-odds-api,2026-09-21T13:45:42.606638+00:00
2026-10-10,football,Championship,Derby County v Wrexham AFC,over_under_2_5,over,William Hill,2.05,0.4704301075268817,2.125714285714286,Medium,0.006671819454795413,4,,0.0,-0.03561827956989255,adequate,0.0,Reject,net EV -3.56% is below the minimum Grade C floor,daily-engine-v1.1.0-odds-api,2026-09-21T13:45:42.606638+00:00
2026-10-11,football,Premier League,Liverpool v Manchester City,1x2,home,Betfair,2.96,0.32571428571428573,3.070175438596491,High,0.004253057429379302,19,,0.0,-0.03588571428571419,adequate,0.0,Reject,net EV -3.59% is below the minimum Grade C floor,daily-engine-v1.1.0-odds-api,2026-09-21T13:45:42.606638+00:00
2026-10-10,football,Championship,Derby County v Wrexham AFC,1x2,home,Unibet (UK),2.8,0.34415172342249867,2.905695168558978,High,0.008533600945327572,14,,0.0,-0.036375174417003775,adequate,0.0,Reject,net EV -3.64% is below the minimum Grade C floor,daily-engine-v1.1.0-odds-api,2026-09-21T13:45:42.606638+00:00
2026-10-10,football,Championship,Bolton Wanderers v Stoke City,1x2,home,Betfair,2.58,0.373242389366967,2.6792240873177273,High,0.0037524773976925344,14,,0.0,-0.03703463543322516,adequate,0.0,Reject,net EV -3.70% is below the minimum Grade C floor,daily-engine-v1.1.0-odds-api,2026-09-21T13:45:42.606638+00:00
2026-10-17,football,Premier League,Brentford v Liverpool,1x2,home,Betfair,2.78,0.3462262178549028,2.888285024154589,High,0.007402317226147588,15,,0.0,-0.03749111436337027,adequate,0.0,Reject,net EV -3.75% is below the minimum Grade C floor,daily-engine-v1.1.0-odds-api,2026-09-21T13:45:42.606638+00:00
2026-10-17,football,Premier League,Brentford v Liverpool,1x2,away,Casumo,2.45,0.39285714285714285,2.5454545454545454,High,0.005930639342826054,15,,0.0,-0.03749999999999998,adequate,0.0,Reject,net EV -3.75% is below the minimum Grade C floor,daily-engine-v1.1.0-odds-api,2026-09-21T13:45:42.606638+00:00
2026-10-10,football,Championship,Watford v Burnley,1x2,away,Betfred (UK),2.4,0.40074708870485576,2.4953394002981395,High,0.006606998221903937,14,,0.0,-0.038206987108346246,adequate,0.0,Reject,net EV -3.82% is below the minimum Grade C floor,daily-engine-v1.1.0-odds-api,2026-09-21T13:45:42.606638+00:00
2026-10-17,football,Premier League,Fulham v Hull City,over_under_2_5,under,Casumo,2.25,0.4269671504965622,2.3421005546609415,Medium,0.009472732062436422,4,,0.0,-0.039323911382735055,adequate,0.0,Reject,net EV -3.93% is below the minimum Grade C floor,daily-engine-v1.1.0-odds-api,2026-09-21T13:45:42.606638+00:00
2026-10-10,football,Premier League,Arsenal v Leeds United,over_under_2_5,over,Casumo,1.76,0.545378904249872,1.8335876070883699,Medium,0.0061295416192082884,4,,0.0,-0.04013312852022527,adequate,0.0,Reject,net EV -4.01% is below the minimum Grade C floor,daily-engine-v1.1.0-odds-api,2026-09-21T13:45:42.606638+00:00
2026-10-10,football,Championship,Sheffield United v Lincoln City,1x2,home,Betfair,2.04,0.4697486651009809,2.128797960043233,High,0.005795784835978868,14,,0.0,-0.041712723193998935,adequate,0.0,Reject,net EV -4.17% is below the minimum Grade C floor,daily-engine-v1.1.0-odds-api,2026-09-21T13:45:42.606638+00:00
2026-10-09,football,Championship,West Ham United v Queens Park Rangers,1x2,home,Betfair,1.55,0.6180008828260106,1.6181206658268412,High,0.007354751045013699,14,,0.0,-0.042098631619683524,adequate,0.0,Reject,net EV -4.21% is below the minimum Grade C floor,daily-engine-v1.1.0-odds-api,2026-09-21T13:45:42.606638+00:00
2026-10-10,football,Championship,Swansea City v Norwich City,1x2,away,Betfair,2.68,0.3572899121325853,2.7988475634008774,High,0.004822328681553865,14,,0.0,-0.04246303548467134,adequate,0.0,Reject,net EV -4.25% is below the minimum Grade C floor,daily-engine-v1.1.0-odds-api,2026-09-21T13:45:42.606638+00:00
2026-10-17,football,Premier League,Fulham v Hull City,over_under_2_5,over,William Hill,1.67,0.5730328495034377,1.745100653246234,Medium,0.009472732062436394,4,,0.0,-0.04303514132925912,adequate,0.0,Reject,net EV -4.30% is below the minimum Grade C floor,daily-engine-v1.1.0-odds-api,2026-09-21T13:45:42.606638+00:00
2026-10-10,football,Championship,Blackburn Rovers v Cardiff City,1x2,home,Betfair,2.66,0.35972094485338135,2.7799326514267606,High,0.005681749813423071,14,,0.0,-0.04314228669000553,adequate,0.0,Reject,net EV -4.31% is below the minimum Grade C floor,daily-engine-v1.1.0-odds-api,2026-09-21T13:45:42.606638+00:00
2026-10-10,football,Championship,Swansea City v Norwich City,1x2,home,888sport,2.6,0.36794236710344097,2.7178169447359846,High,0.008955623803109837,14,,0.0,-0.04334984553105348,adequate,0.0,Reject,net EV -4.33% is below the minimum Grade C floor,daily-engine-v1.1.0-odds-api,2026-09-21T13:45:42.606638+00:00
2026-10-18,football,Premier League,Leeds United v Manchester United,1x2,away,William Hill,2.4,0.39856600590468166,2.5089947089947082,High,0.007727033496228567,15,,0.0,-0.04344158582876412,adequate,0.0,Reject,net EV -4.34% is below the minimum Grade C floor,daily-engine-v1.1.0-odds-api,2026-09-21T13:45:42.606638+00:00
2026-10-11,football,Premier League,Hull City v Everton,over_under_2_5,over,Grosvenor,2.18,0.4383685280237004,2.2811856601757117,Medium,0.00906957540444987,4,,0.0,-0.04435660890833304,adequate,0.0,Reject,net EV -4.44% is below the minimum Grade C floor,daily-engine-v1.1.0-odds-api,2026-09-21T13:45:42.606638+00:00
2026-10-18,football,Premier League,Nottingham Forest v Arsenal,over_under_2_5,under,Casumo,1.96,0.4873160832064941,2.052056220718376,Medium,0.00794945378466762,4,,0.0,-0.04486047691527156,adequate,0.0,Reject,net EV -4.49% is below the minimum Grade C floor,daily-engine-v1.1.0-odds-api,2026-09-21T13:45:42.606638+00:00
2026-10-10,football,Championship,Preston North End v Millwall,1x2,home,Betfair,2.68,0.3561904761904761,2.8074866310160433,High,0.006040948206938186,14,,0.0,-0.0454095238095239,adequate,0.0,Reject,net EV -4.54% is below the minimum Grade C floor,daily-engine-v1.1.0-odds-api,2026-09-21T13:45:42.606638+00:00
2026-10-11,football,Championship,Southampton v Portsmouth,1x2,home,Betfair,1.59,0.5995961177686884,1.6677893174514833,High,0.006985162441739069,14,,0.0,-0.046642172747785426,adequate,0.0,Reject,net EV -4.66% is below the minimum Grade C floor,daily-engine-v1.1.0-odds-api,2026-09-21T13:45:42.606638+00:00
2026-10-10,football,Championship,Watford v Burnley,1x2,home,Betfair,2.94,0.3239286225872853,3.0870998432086427,High,0.006590011916938398,14,,0.0,-0.047649849593381255,adequate,0.0,Reject,net EV -4.76% is below the minimum Grade C floor,daily-engine-v1.1.0-odds-api,2026-09-21T13:45:42.606638+00:00
2026-10-10,football,Scottish Premiership,Hearts v St Mirren,1x2,draw,Betfred (UK),4.6,0.20689655172413796,4.833333333333333,High,0.0035953113433430067,7,,0.0,-0.0482758620689655,adequate,0.0,Reject,net EV -4.83% is below the minimum Grade C floor,daily-engine-v1.1.0-odds-api,2026-09-21T13:45:42.606638+00:00
2026-10-19,football,Premier League,Tottenham Hotspur v Coventry City,1x2,home,Betfred (UK),1.5,0.6344827586206896,1.5760869565217392,High,0.009318547618103993,15,,0.0,-0.048275862068965614,adequate,0.0,Reject,net EV -4.83% is below the minimum Grade C floor,daily-engine-v1.1.0-odds-api,2026-09-21T13:45:42.606638+00:00
2026-10-10,football,Scottish Premiership,Hearts v St Mirren,1x2,home,Betfred (UK),1.5,0.6344827586206896,1.5760869565217392,High,0.004502223577349749,7,,0.0,-0.048275862068965614,adequate,0.0,Reject,net EV -4.83% is below the minimum Grade C floor,daily-engine-v1.1.0-odds-api,2026-09-21T13:45:42.606638+00:00
2026-10-10,football,Premier League,Ipswich Town v Fulham,over_under_2_5,over,William Hill,1.75,0.5434213533334719,1.8401926863303575,Medium,0.007534607462934126,4,,0.0,-0.04901263166642422,adequate,0.0,Reject,net EV -4.90% is below the minimum Grade C floor,daily-engine-v1.1.0-odds-api,2026-09-21T13:45:42.606638+00:00
2026-10-10,football,Championship,Charlton Athletic v Bristol City,over_under_2_5,over,William Hill,2.05,0.4638069705093834,2.1560693641618496,Medium,0.0065770041101192505,4,,0.0,-0.04919571045576404,adequate,0.0,Reject,net EV -4.92% is below the minimum Grade C floor,daily-engine-v1.1.0-odds-api,2026-09-21T13:45:42.606638+00:00
2026-10-10,football,Championship,Preston North End v Millwall,1x2,away,888sport,2.62,0.3626373626373627,2.7575757575757573,High,0.005500296494839735,14,,0.0,-0.04989010989010978,adequate,0.0,Reject,net EV -4.99% is below the minimum Grade C floor,daily-engine-v1.1.0-odds-api,2026-09-21T13:45:42.606638+00:00
2026-10-10,football,Premier League,Arsenal v Leeds United,1x2,home,Betfair,1.37,0.6934812760055478,1.4420000000000002,High,0.01208832761506404,19,,0.0,-0.04993065187239948,adequate,0.0,Reject,net EV -4.99% is below the minimum Grade C floor,daily-engine-v1.1.0-odds-api,2026-09-21T13:45:42.606638+00:00
2026-10-11,football,Premier League,Liverpool v Manchester City,over_under_2_5,under,Grosvenor,2.35,0.4042024704618689,2.474007639926923,Medium,0.005002322652618245,4,,0.0,-0.050124194414607914,adequate,0.0,Reject,net EV -5.01% is below the minimum Grade C floor,daily-engine-v1.1.0-odds-api,2026-09-21T13:45:42.606638+00:00
2026-10-11,football,Scottish Premiership,Motherwell v Celtic,1x2,draw,Betfred (UK),4.6,0.20648786592398108,4.842899584076054,High,0.006603837390370458,7,,0.0,-0.050155816749687165,adequate,0.0,Reject,net EV -5.02% is below the minimum Grade C floor,daily-engine-v1.1.0-odds-api,2026-09-21T13:45:42.606638+00:00
2026-10-10,football,Championship,Charlton Athletic v Bristol City,1x2,away,Betfred (UK),2.3,0.4126766396665239,2.423204765862397,High,0.005166205422925378,14,,0.0,-0.050843728766995056,adequate,0.0,Reject,net EV -5.08% is below the minimum Grade C floor,daily-engine-v1.1.0-odds-api,2026-09-21T13:45:42.606638+00:00
2026-10-10,football,Championship,Charlton Athletic v Bristol City,over_under_2_5,under,LeoVegas,1.77,0.5361930294906166,1.865,Medium,0.006577004110119257,4,,0.0,-0.0509383378016085,adequate,0.0,Reject,net EV -5.09% is below the minimum Grade C floor,daily-engine-v1.1.0-odds-api,2026-09-21T13:45:42.606638+00:00
2026-10-17,football,Premier League,Newcastle United v Aston Villa,over_under_2_5,over,Casumo,1.61,0.589374412672842,1.6967143101190139,Medium,0.0014486473207359638,4,,0.0,-0.051107195596724386,adequate,0.0,Reject,net EV -5.11% is below the minimum Grade C floor,daily-engine-v1.1.0-odds-api,2026-09-21T13:45:42.606638+00:00
2026-10-17,football,Premier League,Everton v Chelsea,over_under_2_5,under,Casumo,2.25,0.42169175803196424,2.3714003912881787,Medium,0.0042651790283869525,4,,0.0,-0.05119354442808044,adequate,0.0,Reject,net EV -5.12% is below the minimum Grade C floor,daily-engine-v1.1.0-odds-api,2026-09-21T13:45:42.606638+00:00
2026-10-10,football,Premier League,Aston Villa v Brentford,over_under_2_5,under,Casumo,2.16,0.43918010752688175,2.2769701606732973,Medium,0.011048150290136742,4,,0.0,-0.05137096774193539,adequate,0.0,Reject,net EV -5.14% is below the minimum Grade C floor,daily-engine-v1.1.0-odds-api,2026-09-21T13:45:42.606638+00:00
2026-10-18,football,Premier League,Nottingham Forest v Arsenal,over_under_2_5,over,William Hill,1.85,0.5126839167935058,1.9505195447798123,Medium,0.007949453784667626,4,,0.0,-0.05153475393201429,adequate,0.0,Reject,net EV -5.15% is below the minimum Grade C floor,daily-engine-v1.1.0-odds-api,2026-09-21T13:45:42.606638+00:00
2026-10-10,football,Championship,Swansea City v Norwich City,over_under_2_5,over,William Hill,1.73,0.547872340425532,1.8252427184466016,Medium,0.005352900869747959,4,,0.0,-0.052180851063829636,adequate,0.0,Reject,net EV -5.22% is below the minimum Grade C floor,daily-engine-v1.1.0-odds-api,2026-09-21T13:45:42.606638+00:00
2026-10-18,football,Premier League,Bournemouth v Sunderland,over_under_2_5,over,Casumo,1.81,0.5235135135135134,1.910170366546206,Medium,0.004375085532237331,4,,0.0,-0.05244054054054076,adequate,0.0,Reject,net EV -5.24% is below the minimum Grade C floor,daily-engine-v1.1.0-odds-api,2026-09-21T13:45:42.606638+00:00
2026-10-11,football,Premier League,Crystal Palace v Nottingham Forest,over_under_2_5,under,LeoVegas,1.75,0.5413229018492176,1.847326238339246,Medium,0.00803907840974755,4,,0.0,-0.052684921763869186,adequate,0.0,Reject,net EV -5.27% is below the minimum Grade C floor,daily-engine-v1.1.0-odds-api,2026-09-21T13:45:42.606638+00:00
2026-10-10,football,Championship,Middlesbrough v Wolverhampton Wanderers,1x2,away,Betfred (UK),3.0,0.31570363466915186,3.1675276752767534,High,0.0034725204100967,14,,0.0,-0.05288909599254443,adequate,0.0,Reject,net EV -5.29% is below the minimum Grade C floor,daily-engine-v1.1.0-odds-api,2026-09-21T13:45:42.606638+00:00
2026-10-10,football,Premier League,Sunderland v Brighton and Hove Albion,over_under_2_5,under,Casumo,1.93,0.49071963300686716,2.037823499892465,Medium,0.0055402115601801555,4,,0.0,-0.05291110829674639,adequate,0.0,Reject,net EV -5.29% is below the minimum Grade C floor,daily-engine-v1.1.0-odds-api,2026-09-21T13:45:42.606638+00:00
2026-10-10,football,Championship,West Bromwich Albion v Birmingham City,1x2,away,Betfred (UK),3.0,0.31568877551020413,3.167676767676767,High,0.0031372613798507807,14,,0.0,-0.0529336734693876,adequate,0.0,Reject,net EV -5.29% is below the minimum Grade C floor,daily-engine-v1.1.0-odds-api,2026-09-21T13:45:42.606638+00:00
2026-10-10,football,Scottish Premiership,Dundee United v Hibernian,over_under_2_5,over,William Hill,1.67,0.5668743772192049,1.7640592698958937,Low,0.009845199500371882,2,,0.0,-0.053319790043927895,adequate,0.0,Reject,data quality is insufficient,daily-engine-v1.1.0-odds-api,2026-09-21T13:45:42.606638+00:00
2026-10-10,football,Championship,Sheffield United v Lincoln City,1x2,draw,Betfred (UK),3.5,0.27045133216977324,3.6975229220622197,High,0.003882565108930551,14,,0.0,-0.05342033740579366,adequate,0.0,Reject,net EV -5.34% is below the minimum Grade C floor,daily-engine-v1.1.0-odds-api,2026-09-21T13:45:42.606638+00:00
2026-10-10,football,Championship,Blackburn Rovers v Cardiff City,1x2,away,Unibet (UK),2.5,0.37849862318411753,2.642017536517057,High,0.004448156765584118,14,,0.0,-0.05375344203970622,adequate,0.0,Reject,net EV -5.38% is below the minimum Grade C floor,daily-engine-v1.1.0-odds-api,2026-09-21T13:45:42.606638+00:00
2026-10-18,football,Premier League,Leeds United v Manchester United,over_under_2_5,over,Casumo,1.64,0.5769737987173823,1.733180955916904,Medium,0.0015311232269654698,4,,0.0,-0.05376297010349307,adequate,0.0,Reject,net EV -5.38% is below the minimum Grade C floor,daily-engine-v1.1.0-odds-api,2026-09-21T13:45:42.606638+00:00
2026-10-10,football,Scottish Premiership,Dundee United v Hibernian,1x2,away,William Hill,2.38,0.3973376021568793,2.516751484308736,High,0.005749319285732611,7,,0.0,-0.05433650686662728,adequate,0.0,Reject,net EV -5.43% is below the minimum Grade C floor,daily-engine-v1.1.0-odds-api,2026-09-21T13:45:42.606638+00:00
2026-10-10,football,Championship,Middlesbrough v Wolverhampton Wanderers,over_under_2_5,under,William Hill,2.3,0.4109947643979057,2.4331210191082806,Medium,0.003958554315475079,3,,0.0,-0.05471204188481693,adequate,0.0,Reject,net EV -5.47% is below the minimum Grade C floor,daily-engine-v1.1.0-odds-api,2026-09-21T13:45:42.606638+00:00
2026-10-10,football,Premier League,Ipswich Town v Fulham,over_under_2_5,under,Casumo,2.07,0.45657864666652814,2.1902031715696313,Medium,0.007534607462934108,4,,0.0,-0.05488220140028682,adequate,0.0,Reject,net EV -5.49% is below the minimum Grade C floor,daily-engine-v1.1.0-odds-api,2026-09-21T13:45:42.606638+00:00
2026-10-11,football,Premier League,Crystal Palace v Nottingham Forest,over_under_2_5,over,Casumo,2.06,0.4586770981507824,2.180182974104512,Medium,0.008039078409747625,4,,0.0,-0.05512517780938825,adequate,0.0,Reject,net EV -5.51% is below the minimum Grade C floor,daily-engine-v1.1.0-odds-api,2026-09-21T13:45:42.606638+00:00
2026-10-17,football,Premier League,Newcastle United v Aston Villa,over_under_2_5,under,Grosvenor,2.3,0.410625587327158,2.435308541070699,Medium,0.0014486473207359785,4,,0.0,-0.055561149147536626,adequate,0.0,Reject,net EV -5.56% is below the minimum Grade C floor,daily-engine-v1.1.0-odds-api,2026-09-21T13:45:42.606638+00:00
2026-10-12,football,Premier League,Coventry City v Newcastle United,over_under_2_5,under,Casumo,2.15,0.43921643678318045,2.2767818238406474,Medium,0.0035413343719092483,4,,0.0,-0.05568466091616209,adequate,0.0,Reject,net EV -5.57% is below the minimum Grade C floor,daily-engine-v1.1.0-odds-api,2026-09-21T13:45:42.606638+00:00
2026-10-10,football,Scottish Premiership,Dundee United v Hibernian,over_under_2_5,under,LeoVegas,2.18,0.43312562278079525,2.308798989031641,Low,0.00984519950037191,2,,0.0,-0.055786142337866274,adequate,0.0,Reject,data quality is insufficient,daily-engine-v1.1.0-odds-api,2026-09-21T13:45:42.606638+00:00
2026-10-10,football,Championship,Bolton Wanderers v Stoke City,1x2,away,888sport,2.7,0.3497000947069347,2.859593163216177,High,0.007851546253308883,14,,0.0,-0.055809744291276275,adequate,0.0,Reject,net EV -5.58% is below the minimum Grade C floor,daily-engine-v1.1.0-odds-api,2026-09-21T13:45:42.606638+00:00
2026-10-10,football,Championship,Blackburn Rovers v Cardiff City,over_under_2_5,under,LeoVegas,2.2,0.42894736842105263,2.331288343558282,Medium,0.0035419874188762314,4,,0.0,-0.0563157894736841,adequate,0.0,Reject,net EV -5.63% is below the minimum Grade C floor,daily-engine-v1.1.0-odds-api,2026-09-21T13:45:42.606638+00:00
2026-10-11,football,Premier League,Hull City v Everton,over_under_2_5,under,LeoVegas,1.68,0.5616314719762996,1.780527000171741,Medium,0.009069575404449864,4,,0.0,-0.05645912707981671,adequate,0.0,Reject,net EV -5.65% is below the minimum Grade C floor,daily-engine-v1.1.0-odds-api,2026-09-21T13:45:42.606638+00:00
2026-10-18,football,Premier League,Leeds United v Manchester United,over_under_2_5,under,Casumo,2.23,0.4230262012826177,2.3639197689599243,Medium,0.001531123226965502,4,,0.0,-0.05665157113976249,adequate,0.0,Reject,net EV -5.67% is below the minimum Grade C floor,daily-engine-v1.1.0-odds-api,2026-09-21T13:45:42.606638+00:00
2026-10-17,football,Premier League,Everton v Chelsea,over_under_2_5,over,Casumo,1.63,0.5783082419680359,1.7291816499050896,Medium,0.004265179028386974,4,,0.0,-0.05735756559210159,adequate,0.0,Reject,net EV -5.74% is below the minimum Grade C floor,daily-engine-v1.1.0-odds-api,2026-09-21T13:45:42.606638+00:00
2026-10-18,football,Premier League,Brighton and Hove Albion v Crystal Palace,over_under_2_5,under,Casumo,2.38,0.39593908629441626,2.5256410256410255,Medium,0.0031387604060843966,3,,0.0,-0.05766497461928932,adequate,0.0,Reject,net EV -5.77% is below the minimum Grade C floor,daily-engine-v1.1.0-odds-api,2026-09-21T13:45:42.606638+00:00
2026-10-18,football,Premier League,Brighton and Hove Albion v Crystal Palace,over_under_2_5,over,Casumo,1.56,0.6040609137055837,1.6554621848739497,Medium,0.0031387604060843705,3,,0.0,-0.05766497461928943,adequate,0.0,Reject,net EV -5.77% is below the minimum Grade C floor,daily-engine-v1.1.0-odds-api,2026-09-21T13:45:42.606638+00:00
2026-10-10,football,Premier League,Sunderland v Brighton and Hove Albion,over_under_2_5,over,William Hill,1.85,0.509280366993133,1.963554978378901,Medium,0.005540211560180235,4,,0.0,-0.057831321062704,adequate,0.0,Reject,net EV -5.78% is below the minimum Grade C floor,daily-engine-v1.1.0-odds-api,2026-09-21T13:45:42.606638+00:00
2026-10-12,football,Premier League,Coventry City v Newcastle United,over_under_2_5,over,Grosvenor,1.68,0.5607835632168194,1.783219169734052,Medium,0.0035413343719091716,4,,0.0,-0.05788361379574336,adequate,0.0,Reject,net EV -5.79% is below the minimum Grade C floor,daily-engine-v1.1.0-odds-api,2026-09-21T13:45:42.606638+00:00
2026-10-10,football,Championship,West Bromwich Albion v Birmingham City,1x2,home,Betfair,2.28,0.41240248543850944,2.424815648083923,High,0.005255467937335542,14,,0.0,-0.059722333200198596,adequate,0.0,Reject,net EV -5.97% is below the minimum Grade C floor,daily-engine-v1.1.0-odds-api,2026-09-21T13:45:42.606638+00:00
2026-10-10,football,Scottish Premiership,Falkirk F.C. v Dundee FC,over_under_2_5,over,William Hill,1.73,0.5428954423592494,1.8419753086419752,Low,0.006702412868632657,2,,0.0,-0.06079088471849864,adequate,0.0,Reject,data quality is insufficient,daily-engine-v1.1.0-odds-api,2026-09-21T13:45:42.606638+00:00
2026-10-09,football,Championship,West Ham United v Queens Park Rangers,over_under_2_5,under,William Hill,2.38,0.3944020356234097,2.5354838709677416,Low,0.0,1,,0.0,-0.06132315521628495,adequate,0.0,Reject,data quality is insufficient,daily-engine-v1.1.0-odds-api,2026-09-21T13:45:42.606638+00:00
2026-10-09,football,Championship,West Ham United v Queens Park Rangers,over_under_2_5,over,William Hill,1.55,0.6055979643765903,1.6512605042016808,Low,0.0,1,,0.0,-0.06132315521628501,adequate,0.0,Reject,data quality is insufficient,daily-engine-v1.1.0-odds-api,2026-09-21T13:45:42.606638+00:00
2026-10-11,football,Championship,Southampton v Portsmouth,over_under_2_5,under,William Hill,2.2,0.4263157894736842,2.345679012345679,Medium,0.0009664929416717996,4,,0.0,-0.06210526315789466,adequate,0.0,Reject,net EV -6.21% is below the minimum Grade C floor,daily-engine-v1.1.0-odds-api,2026-09-21T13:45:42.606638+00:00
2026-10-10,football,Championship,Watford v Burnley,over_under_2_5,under,Grosvenor,1.96,0.478494623655914,2.089887640449438,Medium,0.011001818241764062,4,,0.0,-0.06215053763440859,adequate,0.0,Reject,net EV -6.22% is below the minimum Grade C floor,daily-engine-v1.1.0-odds-api,2026-09-21T13:45:42.606638+00:00
2026-10-10,football,Scottish Premiership,Falkirk F.C. v Dundee FC,1x2,home,William Hill,2.05,0.45728643216080395,2.186813186813187,High,0.007244554036859132,7,,0.0,-0.06256281407035202,adequate,0.0,Reject,net EV -6.26% is below the minimum Grade C floor,daily-engine-v1.1.0-odds-api,2026-09-21T13:45:42.606638+00:00
2026-10-10,football,Championship,Derby County v Wrexham AFC,over_under_2_5,under,LeoVegas,1.77,0.5295698924731183,1.8883248730964468,Medium,0.006671819454795421,4,,0.0,-0.06266129032258067,adequate,0.0,Reject,net EV -6.27% is below the minimum Grade C floor,daily-engine-v1.1.0-odds-api,2026-09-21T13:45:42.606638+00:00
2026-10-10,football,Scottish Premiership,Falkirk F.C. v Dundee FC,over_under_2_5,under,LeoVegas,2.05,0.4571045576407507,2.187683284457478,Low,0.006702412868632712,2,,0.0,-0.06293565683646118,adequate,0.0,Reject,data quality is insufficient,daily-engine-v1.1.0-odds-api,2026-09-21T13:45:42.606638+00:00
2026-10-11,football,Premier League,Liverpool v Manchester City,over_under_2_5,over,William Hill,1.57,0.595797529538131,1.6784225352112676,Medium,0.005002322652618292,4,,0.0,-0.06459787862513422,adequate,0.0,Reject,net EV -6.46% is below the minimum Grade C floor,daily-engine-v1.1.0-odds-api,2026-09-21T13:45:42.606638+00:00
2026-10-10,football,Scottish Premiership,Falkirk F.C. v Dundee FC,1x2,away,LeoVegas,3.45,0.271087958324985,3.6888396156688836,High,0.006373050342785905,7,,0.0,-0.06474654377880174,adequate,0.0,Reject,net EV -6.47% is below the minimum Grade C floor,daily-engine-v1.1.0-odds-api,2026-09-21T13:45:42.606638+00:00
2026-10-10,football,Scottish Premiership,Hearts v St Mirren,over_under_2_5,under,William Hill,2.38,0.3928171223666517,2.5457138781914135,Low,0.0015127745405647541,2,,0.0,-0.06509524876736894,adequate,0.0,Reject,data quality is insufficient,daily-engine-v1.1.0-odds-api,2026-09-21T13:45:42.606638+00:00
2026-10-10,football,Scottish Premiership,Rangers v Kilmarnock,1x2,home,LeoVegas,1.18,0.7921539041870992,1.2623809523809524,High,0.008287877878739648,7,,0.0,-0.06525839305922301,adequate,0.0,Reject,net EV -6.53% is below the minimum Grade C floor,daily-engine-v1.1.0-odds-api,2026-09-21T13:45:42.606638+00:00
2026-10-18,football,Premier League,Bournemouth v Sunderland,over_under_2_5,under,Casumo,1.96,0.4764864864864865,2.098695405558707,Medium,0.0043750855322373,4,,0.0,-0.06608648648648646,adequate,0.0,Reject,net EV -6.61% is below the minimum Grade C floor,daily-engine-v1.1.0-odds-api,2026-09-21T13:45:42.606638+00:00
2026-10-10,football,Scottish Premiership,Rangers v Kilmarnock,over_under_2_5,under,William Hill,3.3,0.28260869565217395,3.538461538461538,Low,0.0,1,,0.0,-0.06739130434782603,adequate,0.0,Reject,data quality is insufficient,daily-engine-v1.1.0-odds-api,2026-09-21T13:45:42.606638+00:00
2026-10-10,football,Scottish Premiership,Rangers v Kilmarnock,over_under_2_5,over,William Hill,1.3,0.717391304347826,1.393939393939394,Low,0.0,1,,0.0,-0.06739130434782609,adequate,0.0,Reject,data quality is insufficient,daily-engine-v1.1.0-odds-api,2026-09-21T13:45:42.606638+00:00
2026-10-10,football,Championship,Sheffield United v Lincoln City,over_under_2_5,over,Grosvenor,1.87,0.4986559139784946,2.0053908355795147,Medium,0.002239935595770617,4,,0.0,-0.06751344086021499,adequate,0.0,Reject,net EV -6.75% is below the minimum Grade C floor,daily-engine-v1.1.0-odds-api,2026-09-21T13:45:42.606638+00:00
2026-10-10,football,Premier League,Arsenal v Leeds United,over_under_2_5,under,LeoVegas,2.05,0.454621095750128,2.199633957482754,Medium,0.006129541619208221,4,,0.0,-0.06802675371223771,adequate,0.0,Reject,net EV -6.80% is below the minimum Grade C floor,daily-engine-v1.1.0-odds-api,2026-09-21T13:45:42.606638+00:00
2026-10-10,football,Championship,Swansea City v Norwich City,over_under_2_5,under,Casumo,2.06,0.4521276595744681,2.211764705882353,Medium,0.005352900869747969,4,,0.0,-0.06861702127659569,adequate,0.0,Reject,net EV -6.86% is below the minimum Grade C floor,daily-engine-v1.1.0-odds-api,2026-09-21T13:45:42.606638+00:00
2026-10-17,football,Premier League,Manchester City v Ipswich Town,over_under_2_5,over,William Hill,1.35,0.6896551724137931,1.45,Low,0.0,1,,0.0,-0.0689655172413792,adequate,0.0,Reject,data quality is insufficient,daily-engine-v1.1.0-odds-api,2026-09-21T13:45:42.606638+00:00
2026-10-17,football,Premier League,Manchester City v Ipswich Town,over_under_2_5,under,William Hill,3.0,0.3103448275862069,3.2222222222222223,Low,0.0,1,,0.0,-0.06896551724137934,adequate,0.0,Reject,data quality is insufficient,daily-engine-v1.1.0-odds-api,2026-09-21T13:45:42.606638+00:00
2026-10-10,football,Championship,Blackburn Rovers v Cardiff City,over_under_2_5,over,Casumo,1.63,0.5710526315789474,1.7511520737327189,Medium,0.0035419874188762314,4,,0.0,-0.06918421052631585,adequate,0.0,Reject,net EV -6.92% is below the minimum Grade C floor,daily-engine-v1.1.0-odds-api,2026-09-21T13:45:42.606638+00:00
2026-10-10,football,Championship,West Bromwich Albion v Birmingham City,over_under_2_5,under,Casumo,1.97,0.4724114194623578,2.116798957015223,Medium,0.0005615535106151537,4,,0.0,-0.06934950365915504,adequate,0.0,Reject,net EV -6.93% is below the minimum Grade C floor,daily-engine-v1.1.0-odds-api,2026-09-21T13:45:42.606638+00:00
2026-10-11,football,Championship,Southampton v Portsmouth,over_under_2_5,over,LeoVegas,1.62,0.5736842105263158,1.7431192660550459,Medium,0.0009664929416718235,4,,0.0,-0.07063157894736832,adequate,0.0,Reject,net EV -7.06% is below the minimum Grade C floor,daily-engine-v1.1.0-odds-api,2026-09-21T13:45:42.606638+00:00
2026-10-10,football,Scottish Premiership,Hearts v St Mirren,over_under_2_5,over,William Hill,1.53,0.6071828776333483,1.6469502629879116,Low,0.0015127745405648096,2,,0.0,-0.07101019722097707,adequate,0.0,Reject,data quality is insufficient,daily-engine-v1.1.0-odds-api,2026-09-21T13:45:42.606638+00:00
2026-10-10,football,Championship,West Bromwich Albion v Birmingham City,over_under_2_5,over,Casumo,1.76,0.5275885805376422,1.8954163090128755,Medium,0.0005615535106152647,4,,0.0,-0.07144409825374964,adequate,0.0,Reject,net EV -7.14% is below the minimum Grade C floor,daily-engine-v1.1.0-odds-api,2026-09-21T13:45:42.606638+00:00
2026-10-10,football,Championship,Bolton Wanderers v Stoke City,over_under_2_5,under,LeoVegas,1.95,0.47580645161290325,2.101694915254237,Medium,0.01047611375545691,4,,0.0,-0.07217741935483868,adequate,0.0,Reject,net EV -7.22% is below the minimum Grade C floor,daily-engine-v1.1.0-odds-api,2026-09-21T13:45:42.606638+00:00
2026-10-10,football,Premier League,Chelsea v Bournemouth,over_under_2_5,over,William Hill,1.4,0.6626506024096386,1.509090909090909,Low,0.0,1,,0.0,-0.07228915662650603,adequate,0.0,Reject,data quality is insufficient,daily-engine-v1.1.0-odds-api,2026-09-21T13:45:42.606638+00:00
2026-10-10,football,Premier League,Chelsea v Bournemouth,over_under_2_5,under,William Hill,2.75,0.3373493975903614,2.9642857142857144,Low,0.0,1,,0.0,-0.07228915662650603,adequate,0.0,Reject,data quality is insufficient,daily-engine-v1.1.0-odds-api,2026-09-21T13:45:42.606638+00:00
2026-10-10,football,Scottish Premiership,Dundee United v Hibernian,1x2,home,William Hill,2.75,0.3373493975903614,2.9642857142857144,High,0.005390593622547963,7,,0.0,-0.07228915662650603,adequate,0.0,Reject,net EV -7.23% is below the minimum Grade C floor,daily-engine-v1.1.0-odds-api,2026-09-21T13:45:42.606638+00:00
2026-10-10,football,Championship,Derby County v Wrexham AFC,1x2,away,Virgin Bet,2.55,0.36374902296981004,2.7491482776656055,High,0.01140288546939454,14,,0.0,-0.07243999142698443,adequate,0.0,Reject,net EV -7.24% is below the minimum Grade C floor,daily-engine-v1.1.0-odds-api,2026-09-21T13:45:42.606638+00:00
2026-10-10,football,Championship,Sheffield United v Lincoln City,over_under_2_5,under,LeoVegas,1.85,0.5013440860215055,1.9946380697050934,Medium,0.002239935595770734,4,,0.0,-0.07251344086021483,adequate,0.0,Reject,net EV -7.25% is below the minimum Grade C floor,daily-engine-v1.1.0-odds-api,2026-09-21T13:45:42.606638+00:00
2026-10-10,football,Championship,Preston North End v Millwall,over_under_2_5,under,LeoVegas,1.88,0.4932614555256065,2.0273224043715845,Medium,0.008318049680920904,4,,0.0,-0.0726684636118598,adequate,0.0,Reject,net EV -7.27% is below the minimum Grade C floor,daily-engine-v1.1.0-odds-api,2026-09-21T13:45:42.606638+00:00
2026-10-17,football,Premier League,Brentford v Liverpool,over_under_2_5,under,William Hill,2.3,0.4025974025974026,2.4838709677419355,Low,0.0,1,,0.0,-0.074025974025974,adequate,0.0,Reject,data quality is insufficient,daily-engine-v1.1.0-odds-api,2026-09-21T13:45:42.606638+00:00
2026-10-19,football,Premier League,Tottenham Hotspur v Coventry City,over_under_2_5,under,William Hill,2.3,0.4025974025974026,2.4838709677419355,Low,0.0,1,,0.0,-0.074025974025974,adequate,0.0,Reject,data quality is insufficient,daily-engine-v1.1.0-odds-api,2026-09-21T13:45:42.606638+00:00
2026-10-17,football,Premier League,Brentford v Liverpool,over_under_2_5,over,William Hill,1.55,0.5974025974025974,1.673913043478261,Low,0.0,1,,0.0,-0.07402597402597405,adequate,0.0,Reject,data quality is insufficient,daily-engine-v1.1.0-odds-api,2026-09-21T13:45:42.606638+00:00
2026-10-19,football,Premier League,Tottenham Hotspur v Coventry City,over_under_2_5,over,William Hill,1.55,0.5974025974025974,1.673913043478261,Low,0.0,1,,0.0,-0.07402597402597405,adequate,0.0,Reject,data quality is insufficient,daily-engine-v1.1.0-odds-api,2026-09-21T13:45:42.606638+00:00
2026-10-10,football,Championship,Middlesbrough v Wolverhampton Wanderers,over_under_2_5,over,Casumo,1.57,0.5890052356020942,1.697777777777778,Medium,0.003958554315475132,3,,0.0,-0.07526178010471213,adequate,0.0,Reject,net EV -7.53% is below the minimum Grade C floor,daily-engine-v1.1.0-odds-api,2026-09-21T13:45:42.606638+00:00
2026-10-11,football,Scottish Premiership,Aberdeen v St Johnstone,1x2,away,Unibet (UK),3.2,0.2877481451774614,3.4752613240418118,Medium,0.007781556435637258,3,,0.0,-0.07920593543212351,adequate,0.0,Reject,net EV -7.92% is below the minimum Grade C floor,daily-engine-v1.1.0-odds-api,2026-09-21T13:45:42.606638+00:00
2026-10-11,football,Scottish Premiership,Aberdeen v St Johnstone,1x2,draw,Unibet (UK),3.5,0.2630840184479647,3.801067073170732,Medium,0.008375465514090574,3,,0.0,-0.07920593543212362,adequate,0.0,Reject,net EV -7.92% is below the minimum Grade C floor,daily-engine-v1.1.0-odds-api,2026-09-21T13:45:42.606638+00:00
2026-10-11,football,Scottish Premiership,Aberdeen v St Johnstone,over_under_2_5,over,LeoVegas,1.83,0.5027173913043478,1.9891891891891893,Low,0.0,1,,0.0,-0.08002717391304354,adequate,0.0,Reject,data quality is insufficient,daily-engine-v1.1.0-odds-api,2026-09-21T13:45:42.606638+00:00
2026-10-11,football,Scottish Premiership,Aberdeen v St Johnstone,over_under_2_5,under,LeoVegas,1.85,0.4972826086956521,2.0109289617486343,Low,0.0,1,,0.0,-0.08002717391304354,adequate,0.0,Reject,data quality is insufficient,daily-engine-v1.1.0-odds-api,2026-09-21T13:45:42.606638+00:00
2026-10-11,football,Scottish Premiership,Motherwell v Celtic,over_under_2_5,under,William Hill,2.5,0.36548223350253806,2.736111111111111,Low,0.0,1,,0.0,-0.08629441624365486,adequate,0.0,Reject,data quality is insufficient,daily-engine-v1.1.0-odds-api,2026-09-21T13:45:42.606638+00:00
2026-10-11,football,Scottish Premiership,Motherwell v Celtic,over_under_2_5,over,William Hill,1.44,0.6345177664974618,1.5760000000000003,Low,0.0,1,,0.0,-0.08629441624365497,adequate,0.0,Reject,data quality is insufficient,daily-engine-v1.1.0-odds-api,2026-09-21T13:45:42.606638+00:00
2026-10-10,football,Premier League,Manchester United v Tottenham Hotspur,over_under_2_5,over,William Hill,1.44,0.6298200514138818,1.5877551020408163,Low,0.0,1,,0.0,-0.09305912596401028,adequate,0.0,Reject,data quality is insufficient,daily-engine-v1.1.0-odds-api,2026-09-21T13:45:42.606638+00:00
2026-10-10,football,Premier League,Manchester United v Tottenham Hotspur,over_under_2_5,under,William Hill,2.45,0.3701799485861182,2.7013888888888893,Low,0.0,1,,0.0,-0.09305912596401045,adequate,0.0,Reject,data quality is insufficient,daily-engine-v1.1.0-odds-api,2026-09-21T13:45:42.606638+00:00
